,School Name,SED Code,Location Code,District,Latitude,Longitude,Address,City,Zip,Grades,Grade Low,Grade High,Community School?,Economic Need Index,Percent ELL,Percent Asian,Percent Black,Percent Hispanic,Percent Black / Hispanic,Percent White,Student Attendance Rate,Percent of Students Chronically Absent,Rigorous Instruction %,Rigorous Instruction Rating,Collaborative Teachers %,Collaborative Teachers Rating,Supportive Environment %,Supportive Environment Rating,Effective School Leadership %,Effective School Leadership Rating,Strong Family-Community Ties %,Strong Family-Community Ties Rating,Trust %,Trust Rating,Student Achievement Rating,Average ELA Proficiency,Average Math Proficiency,Grade 3 ELA - All Students Tested,Grade 3 ELA 4s - All Students,Grade 3 ELA 4s - American Indian or Alaska Native,Grade 3 ELA 4s - Black or African American,Grade 3 ELA 4s - Hispanic or Latino,Grade 3 ELA 4s - Asian or Pacific Islander,Grade 3 ELA 4s - White,Grade 3 ELA 4s - Multiracial,Grade 3 ELA 4s - Limited English Proficient,Grade 3 ELA 4s - Economically Disadvantaged,Grade 3 Math - All Students tested,Grade 3 Math 4s - All Students,Grade 3 Math 4s - American Indian or Alaska Native,Grade 3 Math 4s - Black or African American,Grade 3 Math 4s - Hispanic or Latino,Grade 3 Math 4s - Asian or Pacific Islander,Grade 3 Math 4s - White,Grade 3 Math 4s - Multiracial,Grade 3 Math 4s - Limited English Proficient,Grade 3 Math 4s - Economically Disadvantaged,Grade 4 ELA - All Students Tested,Grade 4 ELA 4s - All Students,Grade 4 ELA 4s - American Indian or Alaska Native,Grade 4 ELA 4s - Black or African American,Grade 4 ELA 4s - Hispanic or Latino,Grade 4 ELA 4s - Asian or Pacific Islander,Grade 4 ELA 4s - White,Grade 4 ELA 4s - Multiracial,Grade 4 ELA 4s - Limited English Proficient,Grade 4 ELA 4s - Economically Disadvantaged,Grade 4 Math - All Students Tested,Grade 4 Math 4s - All Students,Grade 4 Math 4s - American Indian or Alaska Native,Grade 4 Math 4s - Black or African American,Grade 4 Math 4s - Hispanic or Latino,Grade 4 Math 4s - Asian or Pacific Islander,Grade 4 Math 4s - White,Grade 4 Math 4s - Multiracial,Grade 4 Math 4s - Limited English Proficient,Grade 4 Math 4s - Economically Disadvantaged,Grade 5 ELA - All Students Tested,Grade 5 ELA 4s - All Students,Grade 5 ELA 4s - American Indian or Alaska Native,Grade 5 ELA 4s - Black or African American,Grade 5 ELA 4s - Hispanic or Latino,Grade 5 ELA 4s - Asian or Pacific Islander,Grade 5 ELA 4s - White,Grade 5 ELA 4s - Multiracial,Grade 5 ELA 4s - Limited English Proficient,Grade 5 ELA 4s - Economically Disadvantaged,Grade 5 Math - All Students Tested,Grade 5 Math 4s - All Students,Grade 5 Math 4s - American Indian or Alaska Native,Grade 5 Math 4s - Black or African American,Grade 5 Math 4s - Hispanic or Latino,Grade 5 Math 4s - Asian or Pacific Islander,Grade 5 Math 4s - White,Grade 5 Math 4s - Multiracial,Grade 5 Math 4s - Limited English Proficient,Grade 5 Math 4s - Economically Disadvantaged,Grade 6 ELA - All Students Tested,Grade 6 ELA 4s - All Students,Grade 6 ELA 4s - American Indian or Alaska Native,Grade 6 ELA 4s - Black or African American,Grade 6 ELA 4s - Hispanic or Latino,Grade 6 ELA 4s - Asian or Pacific Islander,Grade 6 ELA 4s - White,Grade 6 ELA 4s - Multiracial,Grade 6 ELA 4s - Limited English Proficient,Grade 6 ELA 4s - Economically Disadvantaged,Grade 6 Math - All Students Tested,Grade 6 Math 4s - All Students,Grade 6 Math 4s - American Indian or Alaska Native,Grade 6 Math 4s - Black or African American,Grade 6 Math 4s - Hispanic or Latino,Grade 6 Math 4s - Asian or Pacific Islander,Grade 6 Math 4s - White,Grade 6 Math 4s - Multiracial,Grade 6 Math 4s - Limited English Proficient,Grade 6 Math 4s - Economically Disadvantaged,Grade 7 ELA - All Students Tested,Grade 7 ELA 4s - All Students,Grade 7 ELA 4s - American Indian or Alaska Native,Grade 7 ELA 4s - Black or African American,Grade 7 ELA 4s - Hispanic or Latino,Grade 7 ELA 4s - Asian or Pacific Islander,Grade 7 ELA 4s - White,Grade 7 ELA 4s - Multiracial,Grade 7 ELA 4s - Limited English Proficient,Grade 7 ELA 4s - Economically Disadvantaged,Grade 7 Math - All Students Tested,Grade 7 Math 4s - All Students,Grade 7 Math 4s - American Indian or Alaska Native,Grade 7 Math 4s - Black or African American,Grade 7 Math 4s - Hispanic or Latino,Grade 7 Math 4s - Asian or Pacific Islander,Grade 7 Math 4s - White,Grade 7 Math 4s - Multiracial,Grade 7 Math 4s - Limited English Proficient,Grade 7 Math 4s - Economically Disadvantaged,Grade 8 ELA - All Students Tested,Grade 8 ELA 4s - All Students,Grade 8 ELA 4s - American Indian or Alaska Native,Grade 8 ELA 4s - Black or African American,Grade 8 ELA 4s - Hispanic or Latino,Grade 8 ELA 4s - Asian or Pacific Islander,Grade 8 ELA 4s - White,Grade 8 ELA 4s - Multiracial,Grade 8 ELA 4s - Limited English Proficient,Grade 8 ELA 4s - Economically Disadvantaged,Grade 8 Math - All Students Tested,Grade 8 Math 4s - All Students,Grade 8 Math 4s - American Indian or Alaska Native,Grade 8 Math 4s - Black or African American,Grade 8 Math 4s - Hispanic or Latino,Grade 8 Math 4s - Asian or Pacific Islander,Grade 8 Math 4s - White,Grade 8 Math 4s - Multiracial,Grade 8 Math 4s - Limited English Proficient,Grade 8 Math 4s - Economically Disadvantaged,School Income Estimate,predict
0,P.S. 134 HENRIETTA SZOLD,310000000000,01M134,1,40.714301,-73.982966,"293 E BROADWAY NEW YORK, NY 10002",NEW YORK,10002,"PK,0K,01,02,03,04,05",PK,5,No,0.833,0.12,0.21,0.2,0.55,0.75,0.03,0.91,0.36,0.87,Approaching Target,0.89,Meeting Target,0.88,Approaching Target,0.88,Meeting Target,0.79,Approaching Target,0.94,Exceeding Target,Meeting Target,2.28,2.73,35,0,0,0,0,0,0,0,0,0,36,6,0,0,1,4,0,0,1,0,43,3,0,0,1,2,0,0,0,0,43,6,0,0,0,6,0,0,0,0,34,5,0,0,5,0,0,0,0,0,34,7,0,0,6,0,0,0,0,7,0,0,0,0,0,0,0,0,0,0,0,0,0,0,0,0,0,0,0,0,0,0,0,0,0,0,0,0,0,0,0,0,0,0,0,0,0,0,0,0,0,0,0,0,0,0,0,0,0,0,0,0,0,0,0,0,0,0,0,0,28820.67,32807.32305156376
1,P.S. 142 AMALIA CASTRO,310000000000,01M142,1,40.71823,-73.984082,"100 ATTORNEY ST NEW YORK, NY 10002",NEW YORK,10002,"PK,0K,01,02,03,04,05",PK,5,No,0.861,0.08,0.06,0.11,0.78,0.9,0.02,0.92,0.27,0.92,Meeting Target,0.89,Meeting Target,0.9,Meeting Target,0.83,Meeting Target,0.89,Meeting Target,0.95,Exceeding Target,Meeting Target,2.16,2.31,40,1,0,0,1,0,0,0,0,0,38,1,0,0,1,0,0,0,0,0,58,4,0,0,3,0,0,0,0,0,55,2,0,0,0,0,0,0,0,0,46,1,0,0,1,0,0,0,0,0,47,1,0,0,1,0,0,0,0,0,0,0,0,0,0,0,0,0,0,0,0,0,0,0,0,0,0,0,0,0,0,0,0,0,0,0,0,0,0,0,0,0,0,0,0,0,0,0,0,0,0,0,0,0,0,0,0,0,0,0,0,0,0,0,0,0,0,0,0,0,35545.1,36146.794481030964
2,P.S. 011 WILLIAM T. HARRIS,310000000000,02M011,2,40.744549,-74.000737,"320 W 21ST ST NEW YORK, NY 10011",NEW YORK,10011,"PK,0K,01,02,03,04,05",PK,5,No,0.293,0.03,0.14,0.07,0.25,0.32,0.49,0.96,0.1,0.93,Exceeding Target,0.93,Exceeding Target,0.98,Exceeding Target,0.91,Exceeding Target,0.93,Exceeding Target,0.95,Exceeding Target,Meeting Target,3.12,3.35,179,39,0,0,5,11,21,2,0,3,179,81,0,0,12,22,42,5,0,9,145,60,0,0,5,18,35,0,0,5,149,70,0,0,6,20,41,0,4,9,122,28,0,0,4,0,18,0,0,5,122,43,0,0,8,0,27,0,0,4,0,0,0,0,0,0,0,0,0,0,0,0,0,0,0,0,0,0,0,0,0,0,0,0,0,0,0,0,0,0,0,0,0,0,0,0,0,0,0,0,0,0,0,0,0,0,0,0,0,0,0,0,0,0,0,0,0,0,0,0,98455.77,92039.02070885088
3,P.S. 124 YUNG WING,310000000000,02M124,2,40.714426,-73.995526,"40 DIVISION ST NEW YORK, NY 10002",NEW YORK,10002,"PK,0K,01,02,03,04,05",PK,5,No,0.578,0.29,0.95,0.0,0.03,0.03,0.01,0.98,0.02,0.83,Approaching Target,0.77,Approaching Target,0.94,Exceeding Target,0.65,Approaching Target,0.8,Approaching Target,0.85,Meeting Target,Exceeding Target,3.1,3.55,125,26,0,0,0,24,0,0,0,12,126,64,0,0,0,60,0,0,4,30,136,50,0,0,0,0,0,0,0,24,137,80,0,0,0,0,0,0,6,37,130,19,0,0,0,18,0,0,0,7,131,49,0,0,0,48,0,0,1,19,0,0,0,0,0,0,0,0,0,0,0,0,0,0,0,0,0,0,0,0,0,0,0,0,0,0,0,0,0,0,0,0,0,0,0,0,0,0,0,0,0,0,0,0,0,0,0,0,0,0,0,0,0,0,0,0,0,0,0,0,42493.71,59711.25240575459
4,P.S. 126 JACOB AUGUST RIIS,310000000000,02M126,2,40.710448,-73.997001,"80 CATHERINE ST NEW YORK, NY 10038",NEW YORK,10038,"PK,0K,01,02,03,04,05,06,07,08",PK,8,No,0.728,0.17,0.59,0.11,0.21,0.32,0.08,0.96,0.1,0.91,Exceeding Target,0.93,Exceeding Target,0.91,Exceeding Target,0.89,Exceeding Target,0.82,Approaching Target,0.95,Exceeding Target,Exceeding Target,2.93,3.29,70,6,0,0,0,6,0,0,0,5,73,18,0,0,0,17,0,0,1,15,53,7,0,0,0,6,0,0,0,0,54,19,0,0,1,17,0,0,1,0,50,1,0,0,0,1,0,0,0,0,52,10,0,0,0,10,0,0,1,0,116,31,0,2,2,18,6,3,0,17,116,67,0,0,6,44,11,0,2,40,103,32,0,0,4,17,9,0,0,20,104,44,0,0,2,30,11,0,0,29,103,42,0,0,6,27,8,0,0,18,0,0,0,0,0,0,0,0,0,0,38919.61,48040.484092763916
5,P.S. 198 ISADOR E. IDA STRAUS,310000000000,02M198,2,40.785014000000004,-73.95003100000001,"1700 3RD AVE NEW YORK, NY 10128",NEW YORK,10128,"PK,0K,01,02,03,04,05",PK,5,No,0.365,0.07,0.16,0.1,0.27,0.37,0.45,0.94,0.19,0.89,Approaching Target,0.9,Approaching Target,0.86,Meeting Target,0.78,Meeting Target,0.95,Exceeding Target,0.93,Meeting Target,Meeting Target,2.73,2.97,70,17,0,0,1,6,10,0,0,3,71,31,0,0,2,8,19,0,0,6,65,15,0,0,3,3,9,0,0,0,65,31,0,0,5,8,15,0,0,6,94,24,0,3,5,0,13,0,0,6,94,34,0,4,6,0,18,0,0,6,0,0,0,0,0,0,0,0,0,0,0,0,0,0,0,0,0,0,0,0,0,0,0,0,0,0,0,0,0,0,0,0,0,0,0,0,0,0,0,0,0,0,0,0,0,0,0,0,0,0,0,0,0,0,0,0,0,0,0,0,81932.76,80417.89127691771
6,PROFESSIONAL PERFORMING ARTS HIGH SCHOOL,310000000000,02M408,2,40.761328999999996,-73.98866899999999,"328 W 48TH ST NEW YORK, NY 10036",NEW YORK,10036,"06,07,08,09,10,11,12",6,12,No,0.33,0.0,0.05,0.23,0.2,0.43,0.44,0.96,0.09,0.9,Meeting Target,0.86,Meeting Target,0.84,Meeting Target,0.85,Meeting Target,0.75,Approaching Target,0.91,Meeting Target,Exceeding Target,3.44,3.38,0,0,0,0,0,0,0,0,0,0,0,0,0,0,0,0,0,0,0,0,0,0,0,0,0,0,0,0,0,0,0,0,0,0,0,0,0,0,0,0,0,0,0,0,0,0,0,0,0,0,0,0,0,0,0,0,0,0,0,0,24,15,0,0,3,0,6,0,0,0,23,12,0,0,3,0,4,0,0,0,25,9,0,0,0,0,6,0,0,1,24,11,0,0,0,0,7,0,0,0,18,7,0,0,0,0,4,0,0,0,9,0,0,0,0,0,0,0,0,0,0.0,1214.5124002614248
7,LOWER MANHATTAN COMMUNITY MIDDLE SCHOOL,310000000000,02M896,2,40.705442,-74.012888,"26 BROADWAY-6TH FL NEW YORK, NY 10004",NEW YORK,10004,"06,07,08",6,8,No,0.564,0.08,0.4,0.09,0.2,0.29,0.27,0.96,0.08,0.84,Meeting Target,0.93,Exceeding Target,0.9,Exceeding Target,0.95,Exceeding Target,0.85,Exceeding Target,0.96,Exceeding Target,Meeting Target,2.77,2.88,0,0,0,0,0,0,0,0,0,0,0,0,0,0,0,0,0,0,0,0,0,0,0,0,0,0,0,0,0,0,0,0,0,0,0,0,0,0,0,0,0,0,0,0,0,0,0,0,0,0,0,0,0,0,0,0,0,0,0,0,113,11,0,0,1,2,8,0,0,3,112,31,0,0,0,19,12,0,2,15,109,19,0,0,4,8,5,0,0,7,108,33,0,0,3,20,7,0,1,18,103,20,0,0,3,3,11,0,0,4,100,26,0,0,3,12,10,0,1,12,0.0,6621.111140481496
8,M.S. M245 THE COMPUTER SCHOOL,310000000000,03M245,3,40.781081,-73.978085,"100 W 77TH ST NEW YORK, NY 10024",NEW YORK,10024,"06,07,08",6,8,No,0.304,0.03,0.06,0.14,0.26,0.4,0.5,0.97,0.06,0.9,Exceeding Target,0.92,Exceeding Target,0.91,Exceeding Target,0.85,Meeting Target,0.86,Meeting Target,0.95,Exceeding Target,Exceeding Target,3.17,3.14,0,0,0,0,0,0,0,0,0,0,0,0,0,0,0,0,0,0,0,0,0,0,0,0,0,0,0,0,0,0,0,0,0,0,0,0,0,0,0,0,0,0,0,0,0,0,0,0,0,0,0,0,0,0,0,0,0,0,0,0,125,37,0,2,8,0,20,3,0,8,126,46,0,5,9,0,26,2,0,8,124,41,0,3,8,2,26,0,0,6,125,35,0,2,6,2,24,0,0,5,111,36,0,5,4,0,20,0,0,4,26,1,0,0,1,0,0,0,0,0,0.0,-205.9548690399897
9,RIVER EAST ELEMENTARY,310000000000,04M037,4,40.796906,-73.929978,"508 E 120TH ST NEW YORK, NY 10035",NEW YORK,10035,"0K,01,02,03,04,05",0K,5,No,0.779,0.04,0.0,0.45,0.51,0.96,0.02,0.92,0.28,0.9,Meeting Target,0.88,Exceeding Target,0.92,Meeting Target,0.74,Approaching Target,0.86,Meeting Target,0.93,Meeting Target,Meeting Target,2.5,2.44,16,0,0,0,0,0,0,0,0,0,16,1,0,1,0,0,0,0,0,0,36,2,0,2,0,0,0,0,0,0,36,0,0,0,0,0,0,0,0,0,31,3,0,1,2,0,0,0,0,3,31,0,0,0,0,0,0,0,0,0,0,0,0,0,0,0,0,0,0,0,0,0,0,0,0,0,0,0,0,0,0,0,0,0,0,0,0,0,0,0,0,0,0,0,0,0,0,0,0,0,0,0,0,0,0,0,0,0,0,0,0,0,0,0,0,0,0,0,0,0,28310.81,34782.74574243214
10,P.S. 38 ROBERTO CLEMENTE,310000000000,04M038,4,40.788684,-73.944766,"232 E 103RD ST NEW YORK, NY 10029",NEW YORK,10029,"PK,0K,01,02,03,04,05",PK,5,No,0.915,0.1,0.04,0.31,0.61,0.91,0.02,0.88,0.5,0.87,Approaching Target,0.77,Not Meeting Target,0.76,Approaching Target,0.68,Approaching Target,0.82,Approaching Target,0.82,Approaching Target,Meeting Target,2.14,2.12,36,1,0,0,1,0,0,0,0,1,36,2,0,0,0,0,0,0,0,2,23,0,0,0,0,0,0,0,0,0,25,0,0,0,0,0,0,0,0,0,41,1,0,0,0,0,0,0,0,0,42,0,0,0,0,0,0,0,0,0,0,0,0,0,0,0,0,0,0,0,0,0,0,0,0,0,0,0,0,0,0,0,0,0,0,0,0,0,0,0,0,0,0,0,0,0,0,0,0,0,0,0,0,0,0,0,0,0,0,0,0,0,0,0,0,0,0,0,0,0,34567.95,28555.08542858746
11,P.S. 146 ANN M. SHORT,310000000000,04M146,4,40.7897,-73.939094,"421 E 106TH ST NEW YORK, NY 10029",NEW YORK,10029,"PK,0K,01,02,03,04,05",PK,5,No,0.903,0.19,0.03,0.26,0.68,0.94,0.02,0.92,0.29,0.77,Approaching Target,0.71,Approaching Target,0.8,Approaching Target,0.65,Approaching Target,0.9,Meeting Target,0.84,Meeting Target,Meeting Target,2.14,2.19,47,0,0,0,0,0,0,0,0,0,47,2,0,0,1,0,0,0,0,0,64,0,0,0,0,0,0,0,0,0,63,3,0,0,1,0,0,0,1,3,32,0,0,0,0,0,0,0,0,0,32,1,0,0,0,0,0,0,0,1,0,0,0,0,0,0,0,0,0,0,0,0,0,0,0,0,0,0,0,0,0,0,0,0,0,0,0,0,0,0,0,0,0,0,0,0,0,0,0,0,0,0,0,0,0,0,0,0,0,0,0,0,0,0,0,0,0,0,0,0,29414.74,28930.49755441334
12,P.S. 036 MARGARET DOUGLAS,311000000000,05M036,5,40.810705,-73.957404,"123 MORNINGSIDE DR NEW YORK, NY 10027",NEW YORK,10027,"PK,0K,01,02,03,04,05",PK,5,No,0.8390000000000001,0.07,0.01,0.45,0.51,0.97,0.01,0.9,0.44,0.9,Approaching Target,0.81,Approaching Target,0.83,Approaching Target,0.72,Approaching Target,0.82,Approaching Target,0.87,Approaching Target,Approaching Target,2.19,2.3,54,1,0,0,1,0,0,0,0,1,53,5,0,0,3,0,0,0,0,5,54,2,0,0,0,0,0,0,0,0,55,1,0,0,0,0,0,0,0,0,50,0,0,0,0,0,0,0,0,0,49,1,0,0,0,0,0,0,0,0,0,0,0,0,0,0,0,0,0,0,0,0,0,0,0,0,0,0,0,0,0,0,0,0,0,0,0,0,0,0,0,0,0,0,0,0,0,0,0,0,0,0,0,0,0,0,0,0,0,0,0,0,0,0,0,0,0,0,0,0,35932.05,34421.672371737026
13,P.S. 154 HARRIET TUBMAN,311000000000,05M154,5,40.810555,-73.948862,"250 W 127TH ST NEW YORK, NY 10027",NEW YORK,10027,"PK,0K,01,02,03,04,05",PK,5,Yes,0.899,0.15,0.04,0.55,0.36,0.9,0.04,0.92,0.31,0.91,Approaching Target,0.87,Meeting Target,0.93,Meeting Target,0.79,Approaching Target,0.82,Approaching Target,0.85,Approaching Target,Approaching Target,2.15,2.16,36,1,0,0,0,0,0,0,0,1,37,0,0,0,0,0,0,0,0,0,36,1,0,1,0,0,0,0,0,1,36,0,0,0,0,0,0,0,0,0,33,2,0,0,0,0,0,0,0,0,35,2,0,0,1,0,0,0,0,0,0,0,0,0,0,0,0,0,0,0,0,0,0,0,0,0,0,0,0,0,0,0,0,0,0,0,0,0,0,0,0,0,0,0,0,0,0,0,0,0,0,0,0,0,0,0,0,0,0,0,0,0,0,0,0,0,0,0,0,0,28358.99,32527.126524410513
14,KAPPA IV,311000000000,05M302,5,40.817282,-73.947238,"6 EDGECOMBE AVE NEW YORK, NY 10030",NEW YORK,10030,"06,07,08",6,8,No,0.852,0.14,0.06,0.53,0.39,0.92,0.01,0.9,0.35,0.77,Approaching Target,0.81,Meeting Target,0.81,Approaching Target,0.69,Not Meeting Target,0.83,Meeting Target,0.84,Approaching Target,Approaching Target,2.16,1.89,0,0,0,0,0,0,0,0,0,0,0,0,0,0,0,0,0,0,0,0,0,0,0,0,0,0,0,0,0,0,0,0,0,0,0,0,0,0,0,0,0,0,0,0,0,0,0,0,0,0,0,0,0,0,0,0,0,0,0,0,44,0,0,0,0,0,0,0,0,0,45,0,0,0,0,0,0,0,0,0,39,0,0,0,0,0,0,0,0,0,41,0,0,0,0,0,0,0,0,0,56,0,0,0,0,0,0,0,0,0,57,0,0,0,0,0,0,0,0,0,0.0,-11.794505485035188
15,P.S. 128 AUDUBON,311000000000,06M128,6,40.841046999999996,-73.938751,"560 W 169TH ST NEW YORK, NY 10032",NEW YORK,10032,"PK,0K,01,02,03,04,05",PK,5,No,0.8170000000000001,0.28,0.01,0.03,0.95,0.98,0.01,0.91,0.29,0.92,Meeting Target,0.93,Exceeding Target,0.94,Meeting Target,0.89,Exceeding Target,0.89,Meeting Target,0.94,Meeting Target,Approaching Target,2.2,2.39,76,0,0,0,0,0,0,0,0,0,79,18,0,0,0,0,0,0,7,0,85,9,0,0,0,0,0,0,0,0,92,8,0,0,0,0,0,0,1,0,72,2,0,0,0,0,0,0,0,0,75,1,0,0,0,0,0,0,0,0,0,0,0,0,0,0,0,0,0,0,0,0,0,0,0,0,0,0,0,0,0,0,0,0,0,0,0,0,0,0,0,0,0,0,0,0,0,0,0,0,0,0,0,0,0,0,0,0,0,0,0,0,0,0,0,0,0,0,0,0,34767.56,38604.737379602455
16,THE MOTT HALL SCHOOL,311000000000,06M223,6,40.816171999999995,-73.952104,"71-111 CONVENT AVE NEW YORK, NY 10027",NEW YORK,10027,"06,07,08",6,8,No,0.7240000000000001,0.04,0.01,0.09,0.84,0.93,0.04,0.94,0.16,0.92,Meeting Target,0.88,Approaching Target,0.87,Meeting Target,0.8,Approaching Target,0.73,Approaching Target,0.9,Meeting Target,Exceeding Target,3.01,3.12,0,0,0,0,0,0,0,0,0,0,0,0,0,0,0,0,0,0,0,0,0,0,0,0,0,0,0,0,0,0,0,0,0,0,0,0,0,0,0,0,0,0,0,0,0,0,0,0,0,0,0,0,0,0,0,0,0,0,0,0,97,26,0,0,19,0,0,0,0,22,97,29,0,0,23,0,0,0,0,22,82,12,0,0,10,0,0,0,0,10,81,14,0,0,13,0,0,0,0,11,87,24,0,0,20,0,3,0,0,17,0,0,0,0,0,0,0,0,0,0,0.0,-28.72398460719705
17,ACADEMY OF PUBLIC RELATIONS,321000000000,07X298,7,40.818906,-73.905333,"778 FOREST AVE BRONX, NY 10456",BRONX,10456,"06,07,08",6,8,No,0.882,0.23,0.0,0.26,0.72,0.98,0.01,0.9,0.37,0.82,Meeting Target,0.92,Meeting Target,0.75,Approaching Target,0.92,Exceeding Target,0.75,Approaching Target,0.91,Meeting Target,Meeting Target,2.14,1.97,0,0,0,0,0,0,0,0,0,0,0,0,0,0,0,0,0,0,0,0,0,0,0,0,0,0,0,0,0,0,0,0,0,0,0,0,0,0,0,0,0,0,0,0,0,0,0,0,0,0,0,0,0,0,0,0,0,0,0,0,76,1,0,0,1,0,0,0,0,1,76,4,0,0,3,0,0,0,0,2,87,1,0,0,0,0,0,0,0,1,88,0,0,0,0,0,0,0,0,0,115,4,0,0,2,0,0,0,0,4,93,0,0,0,0,0,0,0,0,0,0.0,-129.5982107004893
18,P.S. 093 ALBERT G. OLIVER,321000000000,08X093,8,40.822513,-73.877255,"1535 STORY AVE BRONX, NY 10473",BRONX,10473,"PK,0K,01,02,03,04,05",PK,5,No,0.667,0.09,0.0,0.57,0.4,0.97,0.02,0.93,0.28,0.96,Meeting Target,0.95,Meeting Target,0.95,Exceeding Target,0.87,Meeting Target,0.93,Exceeding Target,0.96,Exceeding Target,Approaching Target,2.26,2.32,49,4,0,3,0,0,0,0,0,3,52,3,0,3,0,0,0,0,0,1,41,4,0,4,0,0,0,0,0,3,42,3,0,3,0,0,0,0,0,3,59,0,0,0,0,0,0,0,0,0,60,1,0,1,0,0,0,0,0,0,0,0,0,0,0,0,0,0,0,0,0,0,0,0,0,0,0,0,0,0,0,0,0,0,0,0,0,0,0,0,0,0,0,0,0,0,0,0,0,0,0,0,0,0,0,0,0,0,0,0,0,0,0,0,0,0,0,0,0,0,42885.01,43114.20050268557
19,M.S. 302 LUISA DESSUS CRUZ,321000000000,08X302,8,40.815971000000005,-73.901686,"681 KELLY ST BRONX, NY 10455",BRONX,10455,"06,07,08",6,8,No,0.9059999999999999,0.25,0.01,0.2,0.77,0.98,0.01,0.87,0.48,0.82,Approaching Target,0.84,Meeting Target,0.95,Meeting Target,0.76,Approaching Target,0.77,Approaching Target,0.92,Meeting Target,Meeting Target,2.22,2.17,0,0,0,0,0,0,0,0,0,0,0,0,0,0,0,0,0,0,0,0,0,0,0,0,0,0,0,0,0,0,0,0,0,0,0,0,0,0,0,0,0,0,0,0,0,0,0,0,0,0,0,0,0,0,0,0,0,0,0,0,144,7,0,0,4,0,0,0,0,6,148,7,0,0,6,0,0,0,0,7,149,5,0,0,5,0,0,0,0,4,153,11,0,1,9,0,0,0,0,11,161,11,0,0,9,0,0,0,0,10,164,12,0,0,11,0,0,0,0,12,0.0,-318.4437619528544
20,THE BRONX MATHEMATICS PREPARATORY SCHOOL,321000000000,08X375,8,40.815017,-73.856018,"456 WHITE PLAINS RD BRONX, NY 10473",BRONX,10473,"06,07,08",6,8,Yes,0.818,0.17,0.02,0.33,0.63,0.97,0.0,0.89,0.4,0.79,Not Meeting Target,0.75,Not Meeting Target,0.79,Approaching Target,0.65,Not Meeting Target,0.76,Approaching Target,0.81,Approaching Target,Approaching Target,2.17,2.01,0,0,0,0,0,0,0,0,0,0,0,0,0,0,0,0,0,0,0,0,0,0,0,0,0,0,0,0,0,0,0,0,0,0,0,0,0,0,0,0,0,0,0,0,0,0,0,0,0,0,0,0,0,0,0,0,0,0,0,0,60,0,0,0,0,0,0,0,0,0,60,3,0,0,1,0,0,0,0,3,79,2,0,1,1,0,0,0,0,2,80,0,0,0,0,0,0,0,0,0,93,1,0,0,1,0,0,0,0,0,79,0,0,0,0,0,0,0,0,0,0.0,200.6216303029287
21,J.H.S. 022 JORDAN L. MOTT,321000000000,09X022,9,40.832278,-73.914142,"270 E 167TH ST BRONX, NY 10456",BRONX,10456,"05,06,07,08",5,8,Yes,0.877,0.37,0.01,0.25,0.72,0.98,0.01,0.9,0.34,0.85,Approaching Target,0.82,Meeting Target,0.82,Approaching Target,0.76,Approaching Target,0.77,Approaching Target,0.88,Meeting Target,Approaching Target,2.05,1.91,0,0,0,0,0,0,0,0,0,0,0,0,0,0,0,0,0,0,0,0,0,0,0,0,0,0,0,0,0,0,0,0,0,0,0,0,0,0,0,0,0,0,0,0,0,0,0,0,0,0,0,0,0,0,0,0,0,0,0,0,120,2,0,0,1,0,0,0,0,2,131,2,0,0,0,0,0,0,0,0,119,0,0,0,0,0,0,0,0,0,128,0,0,0,0,0,0,0,0,0,130,5,0,0,1,0,0,0,0,4,136,1,0,0,0,0,0,0,0,1,0.0,-348.284862884022
22,P.S. 042 CLAREMONT,321000000000,09X042,9,40.838559000000004,-73.903026,"1537 WASHINGTON AVE BRONX, NY 10456",BRONX,10456,"PK,0K,01,02,03,04,05",PK,5,Yes,0.935,0.16,0.0,0.41,0.56,0.97,0.02,0.9,0.37,0.88,Approaching Target,0.91,Exceeding Target,0.86,Approaching Target,0.88,Exceeding Target,0.9,Meeting Target,0.93,Meeting Target,Meeting Target,2.18,2.25,70,1,0,0,0,0,0,0,0,0,74,1,0,0,1,0,0,0,0,0,64,5,0,0,3,0,0,0,0,0,65,5,0,0,3,0,0,0,0,0,62,0,0,0,0,0,0,0,0,0,66,4,0,0,2,0,0,0,0,4,0,0,0,0,0,0,0,0,0,0,0,0,0,0,0,0,0,0,0,0,0,0,0,0,0,0,0,0,0,0,0,0,0,0,0,0,0,0,0,0,0,0,0,0,0,0,0,0,0,0,0,0,0,0,0,0,0,0,0,0,24249.23,24291.38418924
23,KAPPA,321000000000,09X215,9,40.833708,-73.903937,"3630 3RD AVE BRONX, NY 10456",BRONX,10456,"05,06,07,08",5,8,No,0.8390000000000001,0.15,0.06,0.45,0.48,0.93,0.0,0.95,0.12,0.88,Meeting Target,0.86,Meeting Target,0.84,Meeting Target,0.77,Approaching Target,0.75,Approaching Target,0.88,Meeting Target,Meeting Target,2.48,2.67,0,0,0,0,0,0,0,0,0,0,0,0,0,0,0,0,0,0,0,0,0,0,0,0,0,0,0,0,0,0,0,0,0,0,0,0,0,0,0,0,17,1,0,0,1,0,0,0,0,1,17,0,0,0,0,0,0,0,0,0,78,8,0,2,5,0,0,0,1,7,81,11,0,2,7,0,0,0,1,9,62,4,0,0,2,0,0,0,0,2,62,7,0,0,4,0,0,0,0,3,101,10,0,5,5,0,0,0,0,6,49,0,0,0,0,0,0,0,0,0,0.0,-365.56350476358057
24,I.S. 219 NEW VENTURE SCHOOL,321000000000,09X219,9,40.833708,-73.903937,"3630 3RD AVE BRONX, NY 10456",BRONX,10456,"06,07,08",6,8,Yes,0.929,0.31,0.01,0.37,0.61,0.98,0.01,0.9,0.35,0.82,Approaching Target,0.66,Not Meeting Target,0.81,Approaching Target,0.63,Not Meeting Target,0.7,Approaching Target,0.79,Approaching Target,Approaching Target,1.98,1.92,0,0,0,0,0,0,0,0,0,0,0,0,0,0,0,0,0,0,0,0,0,0,0,0,0,0,0,0,0,0,0,0,0,0,0,0,0,0,0,0,0,0,0,0,0,0,0,0,0,0,0,0,0,0,0,0,0,0,0,0,109,1,0,0,1,0,0,0,0,0,118,0,0,0,0,0,0,0,0,0,76,0,0,0,0,0,0,0,0,0,78,0,0,0,0,0,0,0,0,0,85,2,0,0,2,0,0,0,0,0,95,1,0,1,0,0,0,0,0,0,0.0,92.59085332538963
25,BRONX WRITING ACADEMY,321000000000,09X323,9,40.832278,-73.914142,"270 E 167TH ST BRONX, NY 10456",BRONX,10456,"06,07,08",6,8,No,0.892,0.27,0.03,0.3,0.66,0.95,0.01,0.87,0.45,0.81,Meeting Target,0.78,Meeting Target,0.81,Meeting Target,0.7,Approaching Target,0.78,Approaching Target,0.87,Meeting Target,Meeting Target,2.21,2.17,0,0,0,0,0,0,0,0,0,0,0,0,0,0,0,0,0,0,0,0,0,0,0,0,0,0,0,0,0,0,0,0,0,0,0,0,0,0,0,0,0,0,0,0,0,0,0,0,0,0,0,0,0,0,0,0,0,0,0,0,136,2,0,0,1,0,0,0,0,1,145,3,0,1,2,0,0,0,0,3,122,2,0,1,1,0,0,0,0,2,128,2,0,0,1,0,0,0,0,2,148,6,0,1,4,0,0,0,0,4,151,3,0,2,0,0,0,0,0,3,0.0,244.49695836689355
26,GRANT AVENUE ELEMENTARY SCHOOL,321000000000,09X449,9,40.828111,-73.917661,"250 E 164TH ST BRONX, NY 10456",BRONX,10456,"0K,01,02,03,04,05",0K,5,No,0.8759999999999999,0.22,0.05,0.3,0.62,0.92,0.01,0.93,0.24,0.93,Meeting Target,0.9,Exceeding Target,0.88,Meeting Target,0.89,Exceeding Target,0.9,Exceeding Target,0.94,Exceeding Target,Approaching Target,2.1,2.22,64,1,0,0,1,0,0,0,0,0,69,4,0,0,3,0,0,0,0,0,62,3,0,1,1,0,0,0,0,0,63,3,0,1,1,0,0,0,0,0,60,2,0,0,1,0,0,0,0,0,62,1,0,0,1,0,0,0,0,0,0,0,0,0,0,0,0,0,0,0,0,0,0,0,0,0,0,0,0,0,0,0,0,0,0,0,0,0,0,0,0,0,0,0,0,0,0,0,0,0,0,0,0,0,0,0,0,0,0,0,0,0,0,0,0,0,0,0,0,0,26370.44,27339.92919950869
27,SCIENCE AND TECHNOLOGY ACADEMY: A MOTT HALL SCHOOL,321000000000,09X454,9,40.828111,-73.917661,"250 E 164TH ST BRONX, NY 10456",BRONX,10456,"06,07,08",6,8,No,0.86,0.2,0.02,0.26,0.7,0.96,0.01,0.92,0.29,0.96,Meeting Target,0.98,Exceeding Target,0.95,Exceeding Target,0.98,Exceeding Target,0.84,Meeting Target,0.98,Exceeding Target,Exceeding Target,2.58,2.71,0,0,0,0,0,0,0,0,0,0,0,0,0,0,0,0,0,0,0,0,0,0,0,0,0,0,0,0,0,0,0,0,0,0,0,0,0,0,0,0,0,0,0,0,0,0,0,0,0,0,0,0,0,0,0,0,0,0,0,0,126,7,0,0,3,0,0,0,0,7,130,22,0,0,16,0,0,0,0,22,142,9,0,1,6,0,0,0,0,7,148,13,0,2,8,0,0,0,0,10,131,14,0,0,9,0,0,0,0,13,137,19,0,7,12,0,0,0,0,18,0.0,-709.8598248443378
28,SHERIDAN ACADEMY FOR YOUNG LEADERS,321000000000,09X457,9,40.832033,-73.917519,"1116 SHERIDAN AVE BRONX, NY 10456",BRONX,10456,"0K,01,02,03,04,05",0K,5,No,0.909,0.19,0.01,0.3,0.67,0.97,0.01,0.91,0.38,0.9,Meeting Target,0.92,Meeting Target,0.84,Meeting Target,0.81,Meeting Target,0.87,Meeting Target,0.92,Meeting Target,Meeting Target,2.14,2.35,102,0,0,0,0,0,0,0,0,0,103,9,0,0,6,0,0,0,0,9,91,2,0,0,2,0,0,0,0,2,93,9,0,3,6,0,0,0,0,9,89,3,0,1,2,0,0,0,0,3,89,3,0,0,2,0,0,0,0,3,0,0,0,0,0,0,0,0,0,0,0,0,0,0,0,0,0,0,0,0,0,0,0,0,0,0,0,0,0,0,0,0,0,0,0,0,0,0,0,0,0,0,0,0,0,0,0,0,0,0,0,0,0,0,0,0,0,0,0,0,30300.35,26297.96202623036
29,P.S. 046 EDGAR ALLAN POE,321000000000,10X046,10,40.858431,-73.887039,"2502 LORILLARD PL BRONX, NY 10458",BRONX,10458,"0K,01,02,03,04,05",0K,5,No,0.9059999999999999,0.4,0.03,0.15,0.8,0.95,0.02,0.92,0.29,0.9,Meeting Target,0.87,Meeting Target,0.89,Meeting Target,0.76,Approaching Target,0.81,Approaching Target,0.92,Meeting Target,Meeting Target,2.08,2.24,186,6,0,2,3,0,0,0,0,4,197,16,0,4,10,0,0,0,1,12,190,9,0,1,8,0,0,0,0,8,194,14,0,3,10,0,0,0,0,11,148,1,0,0,1,0,0,0,0,1,154,2,0,1,1,0,0,0,0,1,0,0,0,0,0,0,0,0,0,0,0,0,0,0,0,0,0,0,0,0,0,0,0,0,0,0,0,0,0,0,0,0,0,0,0,0,0,0,0,0,0,0,0,0,0,0,0,0,0,0,0,0,0,0,0,0,0,0,0,0,26555.51,27265.660376659893
30,P.S. 051 BRONX NEW SCHOOL,321000000000,10X051,10,40.850632,-73.88653000000001,"695 E 182ND ST BRONX, NY 10457",BRONX,10457,"0K,01,02,03,04,05",0K,5,No,0.7140000000000001,0.04,0.03,0.37,0.59,0.96,0.02,0.94,0.21,0.99,Exceeding Target,0.9,Meeting Target,0.98,Meeting Target,0.84,Meeting Target,0.83,Meeting Target,0.96,Exceeding Target,Approaching Target,2.49,2.54,28,1,0,0,0,0,0,0,0,0,28,0,0,0,0,0,0,0,0,0,31,3,0,0,3,0,0,0,0,0,31,7,0,0,5,0,0,0,0,0,28,2,0,0,0,0,0,0,0,1,28,1,0,0,0,0,0,0,0,1,0,0,0,0,0,0,0,0,0,0,0,0,0,0,0,0,0,0,0,0,0,0,0,0,0,0,0,0,0,0,0,0,0,0,0,0,0,0,0,0,0,0,0,0,0,0,0,0,0,0,0,0,0,0,0,0,0,0,0,0,32539.98,39133.044665447735
31,P.S. 081 ROBERT J. CHRISTEN,321000000000,10X081,10,40.903455,-73.904682,"5550 RIVERDALE AVE BRONX, NY 10471",BRONX,10471,"0K,01,02,03,04,05",0K,5,No,0.35700000000000004,0.08,0.08,0.1,0.49,0.59,0.3,0.94,0.17,0.93,Exceeding Target,0.92,Exceeding Target,0.99,Exceeding Target,0.83,Meeting Target,0.9,Exceeding Target,0.96,Exceeding Target,Meeting Target,2.81,3.08,73,16,0,0,7,0,9,0,0,2,71,34,0,0,12,2,17,0,0,6,85,18,0,1,7,0,9,0,0,6,86,23,0,2,8,0,7,0,0,7,75,10,0,1,2,0,5,0,0,0,74,20,0,0,4,3,10,0,0,7,0,0,0,0,0,0,0,0,0,0,0,0,0,0,0,0,0,0,0,0,0,0,0,0,0,0,0,0,0,0,0,0,0,0,0,0,0,0,0,0,0,0,0,0,0,0,0,0,0,0,0,0,0,0,0,0,0,0,0,0,71366.79,61806.72952108768
32,INTERNATIONAL SCHOOL FOR LIBERAL ARTS,321000000000,10X342,10,40.870295,-73.897019,"2780 RESERVOIR AVE BRONX, NY 10468",BRONX,10468,"06,07,08,09,10,11,12",6,12,No,0.857,0.61,0.0,0.0,0.99,1.0,0.0,0.97,0.08,0.91,Meeting Target,0.93,Exceeding Target,0.87,Meeting Target,0.88,Meeting Target,0.82,Meeting Target,0.92,Meeting Target,Meeting Target,2.15,2.18,0,0,0,0,0,0,0,0,0,0,0,0,0,0,0,0,0,0,0,0,0,0,0,0,0,0,0,0,0,0,0,0,0,0,0,0,0,0,0,0,0,0,0,0,0,0,0,0,0,0,0,0,0,0,0,0,0,0,0,0,39,0,0,0,0,0,0,0,0,0,39,0,0,0,0,0,0,0,0,0,55,2,0,0,2,0,0,0,0,2,57,0,0,0,0,0,0,0,0,0,44,1,0,0,1,0,0,0,0,1,50,1,0,0,1,0,0,0,0,1,0.0,664.7975619354473
33,P.S. 076 THE BENNINGTON SCHOOL,321000000000,11X076,11,40.869164000000005,-73.860906,"900 ADEE AVE BRONX, NY 10469",BRONX,10469,"0K,01,02,03,04,05",0K,5,No,0.716,0.13,0.03,0.45,0.42,0.87,0.08,0.93,0.25,0.88,Meeting Target,0.79,Approaching Target,0.88,Meeting Target,0.67,Approaching Target,0.83,Approaching Target,0.85,Meeting Target,Approaching Target,2.25,2.36,160,2,0,0,1,0,1,0,0,2,159,9,0,4,4,0,1,0,0,6,177,7,0,4,3,0,0,0,0,6,180,8,0,4,3,1,0,0,1,4,177,5,0,2,1,1,1,0,0,3,179,7,0,2,1,2,1,1,0,4,0,0,0,0,0,0,0,0,0,0,0,0,0,0,0,0,0,0,0,0,0,0,0,0,0,0,0,0,0,0,0,0,0,0,0,0,0,0,0,0,0,0,0,0,0,0,0,0,0,0,0,0,0,0,0,0,0,0,0,0,40759.79,46322.14119826938
34,P.S. 096 RICHARD RODGERS,321000000000,11X096,11,40.861185,-73.868521,"2385 OLINVILLE AVE BRONX, NY 10467",BRONX,10467,"0K,01,02,03,04,05",0K,5,No,0.774,0.08,0.04,0.25,0.61,0.86,0.09,0.91,0.32,0.95,Meeting Target,0.94,Meeting Target,0.96,Meeting Target,0.86,Meeting Target,0.82,Approaching Target,0.94,Meeting Target,Meeting Target,2.41,2.64,150,7,0,1,3,0,2,0,0,4,152,10,0,2,5,0,2,0,0,5,162,13,0,4,6,0,2,0,0,9,165,18,0,6,6,0,5,0,0,9,165,18,0,5,8,0,2,0,0,7,169,26,0,6,11,0,5,0,0,13,0,0,0,0,0,0,0,0,0,0,0,0,0,0,0,0,0,0,0,0,0,0,0,0,0,0,0,0,0,0,0,0,0,0,0,0,0,0,0,0,0,0,0,0,0,0,0,0,0,0,0,0,0,0,0,0,0,0,0,0,38623.61,37703.16155236151
35,P.S. 112 BRONXWOOD,321000000000,11X112,11,40.884792,-73.84399499999999,"1925 SCHEIFFELIN AVE BRONX, NY 10466",BRONX,10466,"PK,0K,01,02,03,04,05",PK,5,Yes,0.904,0.05,0.0,0.48,0.5,0.98,0.02,0.91,0.44,0.9,Approaching Target,0.94,Meeting Target,0.91,Approaching Target,0.87,Meeting Target,0.85,Meeting Target,0.96,Exceeding Target,Approaching Target,2.08,2.09,48,0,0,0,0,0,0,0,0,0,48,0,0,0,0,0,0,0,0,0,57,0,0,0,0,0,0,0,0,0,57,1,0,0,1,0,0,0,0,1,66,0,0,0,0,0,0,0,0,0,66,0,0,0,0,0,0,0,0,0,0,0,0,0,0,0,0,0,0,0,0,0,0,0,0,0,0,0,0,0,0,0,0,0,0,0,0,0,0,0,0,0,0,0,0,0,0,0,0,0,0,0,0,0,0,0,0,0,0,0,0,0,0,0,0,0,0,0,0,0,26709.85,28115.461814991493
36,P.S. 121 THROOP,321000000000,11X121,11,40.866944000000004,-73.85046700000001,"2750 THROOP AVE BRONX, NY 10469",BRONX,10469,"PK,0K,01,02,03,04,05",PK,5,No,0.6659999999999999,0.06,0.07,0.61,0.26,0.88,0.04,0.93,0.26,0.91,Meeting Target,0.83,Meeting Target,0.95,Meeting Target,0.66,Not Meeting Target,0.8,Approaching Target,0.85,Meeting Target,Approaching Target,2.45,2.69,149,11,0,4,2,1,0,0,0,4,151,32,0,18,6,4,0,0,0,14,140,11,0,9,2,0,0,0,0,4,141,21,0,18,2,1,0,0,0,11,146,12,0,5,2,3,0,0,0,6,145,14,0,5,3,0,0,0,0,7,0,0,0,0,0,0,0,0,0,0,0,0,0,0,0,0,0,0,0,0,0,0,0,0,0,0,0,0,0,0,0,0,0,0,0,0,0,0,0,0,0,0,0,0,0,0,0,0,0,0,0,0,0,0,0,0,0,0,0,0,44929.61,50235.199298314124
37,J.H.S. 144 MICHELANGELO,321000000000,11X144,11,40.864290000000004,-73.836566,"2545 GUNTHER AVE BRONX, NY 10469",BRONX,10469,"06,07,08",6,8,No,0.691,0.07,0.03,0.65,0.29,0.94,0.02,0.9,0.33,0.89,Meeting Target,0.91,Meeting Target,0.83,Meeting Target,0.84,Meeting Target,0.73,Approaching Target,0.86,Approaching Target,Meeting Target,2.29,2.1,0,0,0,0,0,0,0,0,0,0,0,0,0,0,0,0,0,0,0,0,0,0,0,0,0,0,0,0,0,0,0,0,0,0,0,0,0,0,0,0,0,0,0,0,0,0,0,0,0,0,0,0,0,0,0,0,0,0,0,0,139,3,0,2,0,0,0,0,0,1,141,5,0,3,1,0,0,0,1,5,151,7,0,4,2,0,0,0,0,4,151,1,0,0,0,0,0,0,0,0,169,8,0,6,1,1,0,0,0,6,137,0,0,0,0,0,0,0,0,0,0.0,85.14557897236227
38,P.S./M.S. 11X498 - VAN NEST ACADEMY,321000000000,11X498,11,40.845031,-73.85797600000001,"1640 BRONXDALE AVE BRONX, NY 10462",BRONX,10462,"0K,01,02,03,04,05,06,07,08",0K,8,No,0.647,0.06,0.07,0.12,0.65,0.78,0.14,0.95,0.1,0.91,Meeting Target,0.88,Meeting Target,0.87,Exceeding Target,0.86,Meeting Target,0.82,Approaching Target,0.9,Meeting Target,Meeting Target,2.65,2.76,58,6,0,0,2,0,2,0,0,4,58,13,0,0,7,0,5,0,0,7,56,6,0,0,5,0,0,0,0,5,56,10,0,0,6,0,0,0,0,6,62,0,0,0,0,0,0,0,0,0,62,2,0,0,0,0,2,0,0,1,89,11,0,1,6,3,1,0,0,8,88,17,0,2,11,2,2,0,0,12,95,8,0,0,4,0,2,0,0,6,95,8,0,0,2,0,3,0,0,6,90,14,0,4,8,1,1,0,0,11,90,6,0,1,4,1,0,0,0,6,45355.72,48024.2393885174
39,LINDEN TREE ELEMENTARY SCHOOL,321000000000,11X567,11,40.838494,-73.853201,"1560 PURDY ST BRONX, NY 10462",BRONX,10462,"0K,01,02,03,04,05",0K,5,No,0.6722806736166801,0.25,0.16,0.16,0.64,0.8,0.03,0.9272493985565357,0.21574979951884524,0.8947714514835605,,0.8843624699278267,,0.8874819566960707,,0.8161507618283881,,0.8309141940657578,,0.9042261427425822,,,2.5342152834839773,2.6689564502875918,60,1,0,1,0,0,0,0,0,0,65,2,0,1,1,0,0,0,0,0,0,0,0,0,0,0,0,0,0,0,0,0,0,0,0,0,0,0,0,0,0,0,0,0,0,0,0,0,0,0,0,0,0,0,0,0,0,0,0,0,0,0,0,0,0,0,0,0,0,0,0,0,0,0,0,0,0,0,0,0,0,0,0,0,0,0,0,0,0,0,0,0,0,0,0,0,0,0,0,0,0,0,0,0,0,0,0,0,0,0,0,0,0,0,0,0,0,0,0,0,46890.41,37345.78144132282
40,P.S. 214,321000000000,12X214,12,40.839183,-73.88028,"1970 W FARMS RD BRONX, NY 10460",BRONX,10460,"PK,0K,01,02,03,04,05,06,07,08",PK,8,No,0.867,0.1,0.02,0.25,0.7,0.95,0.01,0.91,0.33,0.85,Meeting Target,0.89,Exceeding Target,0.82,Meeting Target,0.86,Meeting Target,0.78,Approaching Target,0.9,Meeting Target,Meeting Target,2.24,2.36,91,1,0,0,1,0,0,0,0,1,93,4,0,0,3,0,0,0,0,3,70,6,0,0,3,0,0,0,0,0,70,8,0,0,4,0,0,0,0,0,90,2,0,1,1,0,0,0,0,2,90,8,0,0,7,0,0,0,0,7,154,7,0,0,4,3,0,0,0,7,157,13,0,1,7,0,0,0,0,13,129,4,0,0,2,0,0,0,0,4,131,15,0,2,10,0,0,0,0,11,127,7,0,0,5,0,0,0,0,6,106,0,0,0,0,0,0,0,0,0,26979.39,25097.589626721405
41,MOTT HALL V,321000000000,12X242,12,40.831694,-73.877464,"1551 E 172ND ST BRONX, NY 10472",BRONX,10472,"06,07,08,SE",6,8,No,0.795,0.1,0.04,0.18,0.76,0.94,0.01,0.94,0.22,0.82,Meeting Target,0.87,Exceeding Target,0.89,Exceeding Target,0.8,Meeting Target,0.74,Approaching Target,0.92,Exceeding Target,Meeting Target,2.36,2.31,0,0,0,0,0,0,0,0,0,0,0,0,0,0,0,0,0,0,0,0,0,0,0,0,0,0,0,0,0,0,0,0,0,0,0,0,0,0,0,0,0,0,0,0,0,0,0,0,0,0,0,0,0,0,0,0,0,0,0,0,95,1,0,0,0,0,0,0,0,1,95,4,0,0,2,0,0,0,0,4,100,6,0,1,5,0,0,0,0,5,100,1,0,0,1,0,0,0,0,1,96,4,0,0,2,0,0,0,0,3,98,2,0,0,2,0,0,0,0,2,0.0,137.59659635212302
42,EAST BRONX ACADEMY FOR THE FUTURE,321000000000,12X271,12,40.836839000000005,-73.887671,"1716 SOUTHERN BLVD BRONX, NY 10460",BRONX,10460,"06,07,08,09,10,11,12",6,12,Yes,0.853,0.11,0.01,0.26,0.72,0.98,0.01,0.87,0.48,0.85,Meeting Target,0.91,Exceeding Target,0.84,Meeting Target,0.92,Exceeding Target,0.75,Approaching Target,0.93,Meeting Target,Meeting Target,2.23,2.16,0,0,0,0,0,0,0,0,0,0,0,0,0,0,0,0,0,0,0,0,0,0,0,0,0,0,0,0,0,0,0,0,0,0,0,0,0,0,0,0,0,0,0,0,0,0,0,0,0,0,0,0,0,0,0,0,0,0,0,0,78,3,0,0,2,0,0,0,0,3,79,2,0,0,2,0,0,0,0,2,80,1,0,0,0,0,0,0,0,0,81,3,0,0,0,0,0,0,0,3,72,2,0,0,1,0,0,0,0,0,74,4,0,0,4,0,0,0,0,4,0.0,197.32099401142483
43,"I.S. X318 MATH, SCIENCE & TECHNOLOGY THROUGH ARTS",321000000000,12X318,12,40.84385,-73.890063,"1919 PROSPECT AVE BRONX, NY 10457",BRONX,10457,"06,07,08",6,8,No,0.878,0.19,0.01,0.27,0.7,0.97,0.02,0.88,0.38,0.85,Meeting Target,0.79,Meeting Target,0.83,Approaching Target,0.73,Approaching Target,0.79,Meeting Target,0.9,Meeting Target,Meeting Target,2.15,2.16,0,0,0,0,0,0,0,0,0,0,0,0,0,0,0,0,0,0,0,0,0,0,0,0,0,0,0,0,0,0,0,0,0,0,0,0,0,0,0,0,0,0,0,0,0,0,0,0,0,0,0,0,0,0,0,0,0,0,0,0,96,0,0,0,0,0,0,0,0,0,96,2,0,0,0,0,0,0,0,0,85,1,0,0,1,0,0,0,0,0,86,2,0,1,1,0,0,0,0,0,78,0,0,0,0,0,0,0,0,0,78,0,0,0,0,0,0,0,0,0,0.0,103.14444409992576
44,P.S. 536,321000000000,12X536,12,40.838212,-73.866026,"1827 ARCHER ST BRONX, NY 10460",BRONX,10460,"PK,0K,01,02,03,04,05",PK,5,No,0.853,0.21,0.06,0.2,0.71,0.91,0.02,0.91,0.36,0.97,Meeting Target,0.93,Meeting Target,0.96,Meeting Target,0.89,Meeting Target,0.83,Approaching Target,0.93,Meeting Target,Meeting Target,2.24,2.36,64,1,0,0,0,0,0,0,0,1,70,2,0,0,0,0,0,0,0,2,61,3,0,1,1,0,0,0,0,0,63,4,0,1,2,0,0,0,0,3,54,2,0,0,2,0,0,0,0,2,57,2,0,0,2,0,0,0,0,2,0,0,0,0,0,0,0,0,0,0,0,0,0,0,0,0,0,0,0,0,0,0,0,0,0,0,0,0,0,0,0,0,0,0,0,0,0,0,0,0,0,0,0,0,0,0,0,0,0,0,0,0,0,0,0,0,0,0,0,0,32464.21,31384.51869784977
45,P.S. 003 THE BEDFORD VILLAGE,331000000000,13K003,13,40.682307,-73.955241,"50 JEFFERSON AVE BROOKLYN, NY 11216",BROOKLYN,11216,"PK,0K,01,02,03,04,05",PK,5,No,0.8190000000000001,0.11,0.11,0.7,0.12,0.83,0.02,0.92,0.33,0.9,Meeting Target,0.86,Meeting Target,0.92,Meeting Target,0.83,Meeting Target,0.87,Meeting Target,0.9,Meeting Target,Meeting Target,2.46,2.48,61,5,0,4,0,1,0,0,0,2,62,6,0,5,0,1,0,0,0,4,59,12,0,10,0,1,0,0,0,11,61,11,0,9,0,0,0,0,0,10,61,7,0,4,0,3,0,0,0,2,62,9,0,5,0,4,0,0,0,3,0,0,0,0,0,0,0,0,0,0,0,0,0,0,0,0,0,0,0,0,0,0,0,0,0,0,0,0,0,0,0,0,0,0,0,0,0,0,0,0,0,0,0,0,0,0,0,0,0,0,0,0,0,0,0,0,0,0,0,0,48164.74,40422.723760835186
46,P.S. 256 BENJAMIN BANNEKER,331000000000,13K256,13,40.690482,-73.94971,"114 KOSCIUSKO ST BROOKLYN, NY 11216",BROOKLYN,11216,"PK,0K,01,02,03,04,05",PK,5,No,0.882,0.09,0.02,0.69,0.27,0.96,0.02,0.88,0.51,0.91,Meeting Target,0.9,Meeting Target,0.92,Approaching Target,0.78,Approaching Target,0.85,Meeting Target,0.91,Meeting Target,Meeting Target,2.41,2.48,30,3,0,2,0,0,0,0,0,3,29,7,0,6,0,0,0,0,0,7,45,4,0,3,0,0,0,0,0,0,44,3,0,3,0,0,0,0,0,0,43,2,0,1,1,0,0,0,0,0,43,2,0,1,1,0,0,0,0,0,0,0,0,0,0,0,0,0,0,0,0,0,0,0,0,0,0,0,0,0,0,0,0,0,0,0,0,0,0,0,0,0,0,0,0,0,0,0,0,0,0,0,0,0,0,0,0,0,0,0,0,0,0,0,0,0,0,0,0,0,38385.06,33386.861472240955
47,P.S. 084 JOSE DE DIEGO,331000000000,14K084,14,40.714822,-73.963516,"250 BERRY ST BROOKLYN, NY 11211",BROOKLYN,11211,"PK,0K,01,02,03,04,05,06,07,08",PK,8,No,0.5770000000000001,0.17,0.03,0.03,0.62,0.65,0.27,0.93,0.23,0.93,Meeting Target,0.93,Exceeding Target,0.92,Meeting Target,0.84,Meeting Target,0.89,Meeting Target,0.94,Exceeding Target,Approaching Target,2.43,2.45,76,6,0,0,2,0,0,0,0,0,76,11,0,0,2,0,0,0,0,2,43,6,0,0,3,0,0,0,0,0,44,4,0,0,2,0,0,0,0,0,48,1,0,0,0,0,0,0,0,0,50,1,0,0,0,0,0,0,0,0,58,0,0,0,0,0,0,0,0,0,59,1,0,0,0,0,0,0,1,0,55,0,0,0,0,0,0,0,0,0,56,0,0,0,0,0,0,0,0,0,0,0,0,0,0,0,0,0,0,0,0,0,0,0,0,0,0,0,0,0,57582.52,55378.82331018832
48,BROOKLYN ARBOR ELEMENTARY SCHOOL,331000000000,14K414,14,40.709823,-73.954488,"325 S 3RD ST BROOKLYN, NY 11238",BROOKLYN,11238,"0K,01,02,03,04,05",0K,5,No,0.6459999999999999,0.08,0.02,0.03,0.67,0.7,0.26,0.95,0.13,0.84,Meeting Target,0.92,Exceeding Target,0.91,Exceeding Target,0.88,Meeting Target,0.93,Exceeding Target,0.97,Exceeding Target,,2.27,2.57,99,7,0,0,0,0,0,0,0,2,100,25,0,0,9,0,0,0,0,9,101,14,0,0,8,0,4,0,0,8,100,20,0,0,13,0,5,0,0,14,71,5,0,0,0,0,0,0,0,0,71,3,0,0,0,0,0,0,0,0,0,0,0,0,0,0,0,0,0,0,0,0,0,0,0,0,0,0,0,0,0,0,0,0,0,0,0,0,0,0,0,0,0,0,0,0,0,0,0,0,0,0,0,0,0,0,0,0,0,0,0,0,0,0,0,0,0,0,0,0,44742.59,55059.45101004031
49,LYONS COMMUNITY SCHOOL,331000000000,14K586,14,40.709765000000004,-73.944519,"223 GRAHAM AVE BROOKLYN, NY 11206",BROOKLYN,11206,"06,07,08,09,10,11,12",6,12,No,0.843,0.11,0.01,0.4,0.56,0.97,0.01,0.88,0.39,0.85,Approaching Target,0.95,Meeting Target,0.84,Meeting Target,0.92,Exceeding Target,0.84,Exceeding Target,0.93,Exceeding Target,Approaching Target,2.11,1.89,0,0,0,0,0,0,0,0,0,0,0,0,0,0,0,0,0,0,0,0,0,0,0,0,0,0,0,0,0,0,0,0,0,0,0,0,0,0,0,0,0,0,0,0,0,0,0,0,0,0,0,0,0,0,0,0,0,0,0,0,44,0,0,0,0,0,0,0,0,0,43,0,0,0,0,0,0,0,0,0,35,0,0,0,0,0,0,0,0,0,34,0,0,0,0,0,0,0,0,0,31,0,0,0,0,0,0,0,0,0,24,0,0,0,0,0,0,0,0,0,0.0,-62.920758434273004
50,"MAGNET SCHOOL OF MATH, SCIENCE AND DESIGN TECHNOLOGY",332000000000,15K010,15,40.660884,-73.98594,"511 7TH AVE BROOKLYN, NY 11215",BROOKLYN,11215,"PK,0K,01,02,03,04,05",PK,5,No,0.33399999999999996,0.05,0.07,0.08,0.31,0.39,0.49,0.96,0.07,0.92,Exceeding Target,0.87,Meeting Target,0.96,Exceeding Target,0.8,Meeting Target,0.93,Exceeding Target,0.91,Meeting Target,Exceeding Target,3.0,3.28,101,19,0,1,2,0,15,0,0,2,105,42,0,5,5,3,28,1,2,3,120,49,0,5,11,0,26,0,0,4,123,55,0,3,13,0,31,0,1,5,115,42,0,2,4,5,27,0,0,3,116,45,0,2,6,8,25,0,0,1,0,0,0,0,0,0,0,0,0,0,0,0,0,0,0,0,0,0,0,0,0,0,0,0,0,0,0,0,0,0,0,0,0,0,0,0,0,0,0,0,0,0,0,0,0,0,0,0,0,0,0,0,0,0,0,0,0,0,0,0,77828.57,72570.2138785937
51,P.S. 131 BROOKLYN,332000000000,15K131,15,40.640784000000004,-73.993347,"4305 FT HAMILTON PKWY BROOKLYN, NY 11219",BROOKLYN,11219,"PK,0K,01,02,03,04,05",PK,5,No,0.7979999999999999,0.43,0.34,0.01,0.55,0.56,0.09,0.95,0.12,0.94,Exceeding Target,0.96,Exceeding Target,0.97,Exceeding Target,0.89,Exceeding Target,0.83,Meeting Target,0.97,Exceeding Target,Exceeding Target,2.64,2.93,161,10,0,0,3,6,0,0,0,7,165,40,0,0,12,24,0,0,9,17,168,30,0,0,6,18,0,0,1,16,172,46,0,0,12,28,0,0,3,21,155,9,0,0,1,6,0,0,0,6,154,23,0,0,5,15,0,0,2,15,0,0,0,0,0,0,0,0,0,0,0,0,0,0,0,0,0,0,0,0,0,0,0,0,0,0,0,0,0,0,0,0,0,0,0,0,0,0,0,0,0,0,0,0,0,0,0,0,0,0,0,0,0,0,0,0,0,0,0,0,34945.93,40456.63888993051
52,P.S. 230 DORIS L. COHEN,332000000000,15K230,15,40.645317999999996,-73.980292,"1 ALBEMARLE RD BROOKLYN, NY 11218",BROOKLYN,11218,"PK,0K,01,02,03,04,05",PK,5,No,0.723,0.31,0.47,0.01,0.32,0.33,0.18,0.96,0.11,0.92,Exceeding Target,0.97,Meeting Target,0.97,Exceeding Target,0.93,Exceeding Target,0.87,Meeting Target,0.98,Exceeding Target,Meeting Target,2.79,2.87,195,20,0,0,0,12,0,0,0,5,204,53,0,0,2,39,0,0,3,28,168,52,0,0,6,28,0,0,1,25,171,61,0,0,4,36,0,0,2,27,164,31,0,0,0,17,0,0,0,12,165,32,0,0,2,19,0,0,0,15,0,0,0,0,0,0,0,0,0,0,0,0,0,0,0,0,0,0,0,0,0,0,0,0,0,0,0,0,0,0,0,0,0,0,0,0,0,0,0,0,0,0,0,0,0,0,0,0,0,0,0,0,0,0,0,0,0,0,0,0,51358.99,50344.65483500745
53,DIGITAL ARTS AND CINEMA TECHNOLOGY HIGH SCHOOL,332000000000,15K429,15,40.685159000000006,-73.993634,"284 BALTIC ST BROOKLYN, NY 11201",BROOKLYN,11201,"06,07,08,09,10,11,12",6,12,No,0.7490000000000001,0.07,0.03,0.54,0.39,0.93,0.04,0.88,0.52,0.79,Approaching Target,0.73,Approaching Target,0.78,Meeting Target,0.67,Not Meeting Target,0.69,Not Meeting Target,0.76,Not Meeting Target,Meeting Target,2.1,2.14,0,0,0,0,0,0,0,0,0,0,0,0,0,0,0,0,0,0,0,0,0,0,0,0,0,0,0,0,0,0,0,0,0,0,0,0,0,0,0,0,0,0,0,0,0,0,0,0,0,0,0,0,0,0,0,0,0,0,0,0,0,0,0,0,0,0,0,0,0,0,0,0,0,0,0,0,0,0,0,0,25,0,0,0,0,0,0,0,0,0,24,0,0,0,0,0,0,0,0,0,20,1,0,1,0,0,0,0,0,0,19,0,0,0,0,0,0,0,0,0,0.0,561.5018936314808
54,PARK SLOPE COLLEGIATE,332000000000,15K464,15,40.669302,-73.97867,"237 7TH AVE BROOKLYN, NY 11215",BROOKLYN,11215,"06,07,08,09,10,11,12",6,12,No,0.652,0.09,0.07,0.39,0.36,0.75,0.14,0.94,0.2,0.91,Exceeding Target,0.93,Exceeding Target,0.83,Meeting Target,0.92,Exceeding Target,0.79,Meeting Target,0.92,Exceeding Target,Meeting Target,2.38,2.5,0,0,0,0,0,0,0,0,0,0,0,0,0,0,0,0,0,0,0,0,0,0,0,0,0,0,0,0,0,0,0,0,0,0,0,0,0,0,0,0,0,0,0,0,0,0,0,0,0,0,0,0,0,0,0,0,0,0,0,0,60,3,0,0,0,0,3,0,0,0,59,8,0,0,1,2,5,0,0,1,36,7,0,0,0,0,7,0,0,0,37,1,0,0,0,0,1,0,0,0,34,0,0,0,0,0,0,0,0,0,0,0,0,0,0,0,0,0,0,0,0.0,7.322694412730925
55,RED HOOK NEIGHBORHOOD SCHOOL,332000000000,15K676,15,40.677847,-74.004818,"27 HUNTINGTON ST BROOKLYN, NY 11231",BROOKLYN,11231,"PK,0K,01,02,03,04,05",PK,5,No,0.9329999999999999,0.09,0.01,0.49,0.45,0.94,0.03,0.89,0.41,0.84,Approaching Target,0.82,Meeting Target,0.85,Approaching Target,0.72,Approaching Target,0.8,Approaching Target,0.82,Approaching Target,Meeting Target,2.19,2.32,32,0,0,0,0,0,0,0,0,0,33,0,0,0,0,0,0,0,0,0,22,0,0,0,0,0,0,0,0,0,22,0,0,0,0,0,0,0,0,0,28,0,0,0,0,0,0,0,0,0,29,0,0,0,0,0,0,0,0,0,0,0,0,0,0,0,0,0,0,0,0,0,0,0,0,0,0,0,0,0,0,0,0,0,0,0,0,0,0,0,0,0,0,0,0,0,0,0,0,0,0,0,0,0,0,0,0,0,0,0,0,0,0,0,0,0,0,0,0,0,18409.76,30103.25956331875
56,ELIJAH STROUD MIDDLE SCHOOL,332000000000,17K353,17,40.674551,-73.96086700000001,"750 CLASSON AVE BROOKLYN, NY 11238",BROOKLYN,11238,"06,07,08",6,8,No,0.746,0.04,0.02,0.83,0.14,0.96,0.02,0.93,0.22,0.91,Meeting Target,0.9,Meeting Target,0.86,Meeting Target,0.89,Meeting Target,0.78,Meeting Target,0.94,Exceeding Target,Approaching Target,2.16,2.14,0,0,0,0,0,0,0,0,0,0,0,0,0,0,0,0,0,0,0,0,0,0,0,0,0,0,0,0,0,0,0,0,0,0,0,0,0,0,0,0,0,0,0,0,0,0,0,0,0,0,0,0,0,0,0,0,0,0,0,0,37,0,0,0,0,0,0,0,0,0,37,4,0,3,0,0,0,0,0,3,62,3,0,2,1,0,0,0,0,3,63,0,0,0,0,0,0,0,0,0,92,0,0,0,0,0,0,0,0,0,90,1,0,1,0,0,0,0,0,0,0.0,-151.61694581124902
57,ACADEMY FOR COLLEGE PREPARATION AND CAREER EXPLORATION: A COLLEGE BOARD SCHOOL,332000000000,17K382,17,40.649588,-73.957176,"911 FLATBUSH AVE BROOKLYN, NY 11226",BROOKLYN,11226,"06,07,08,09,10,11,12",6,12,No,0.684,0.09,0.01,0.81,0.15,0.96,0.01,0.95,0.17,0.79,Approaching Target,0.76,Approaching Target,0.75,Approaching Target,0.68,Approaching Target,0.7,Approaching Target,0.77,Not Meeting Target,Meeting Target,2.27,2.27,0,0,0,0,0,0,0,0,0,0,0,0,0,0,0,0,0,0,0,0,0,0,0,0,0,0,0,0,0,0,0,0,0,0,0,0,0,0,0,0,0,0,0,0,0,0,0,0,0,0,0,0,0,0,0,0,0,0,0,0,32,2,0,2,0,0,0,0,0,0,32,2,0,2,0,0,0,0,0,2,44,3,0,3,0,0,0,0,0,0,44,2,0,2,0,0,0,0,0,0,49,2,0,0,0,0,0,0,0,1,49,1,0,0,0,0,0,0,0,1,0.0,210.37102090504052
58,NEW BRIDGES ELEMENTARY,332000000000,17K532,17,40.669514,-73.93432800000001,"1025 EASTERN PKWY BROOKLYN, NY 11213",BROOKLYN,11213,"PK,0K,01,02,03,04,05",PK,5,No,0.863,0.07,0.01,0.74,0.21,0.95,0.02,0.91,0.34,0.91,,0.97,,0.96,,0.96,,0.92,,0.99,,,2.5342152834839773,2.6689564502875918,59,1,0,1,0,0,0,0,0,1,58,2,0,1,1,0,0,0,0,2,50,1,0,1,0,0,0,0,0,0,51,0,0,0,0,0,0,0,0,0,0,0,0,0,0,0,0,0,0,0,0,0,0,0,0,0,0,0,0,0,0,0,0,0,0,0,0,0,0,0,0,0,0,0,0,0,0,0,0,0,0,0,0,0,0,0,0,0,0,0,0,0,0,0,0,0,0,0,0,0,0,0,0,0,0,0,0,0,0,0,0,0,0,0,0,0,0,0,0,0,34016.72,34810.34773408558
59,P.S. 115 DANIEL MUCATEL SCHOOL,332000000000,18K115,18,40.634851,-73.89789499999999,"1500 E 92ND ST BROOKLYN, NY 11236",BROOKLYN,11236,"PK,0K,01,02,03,04,05",PK,5,No,0.55,0.03,0.03,0.85,0.08,0.92,0.03,0.94,0.18,0.93,Meeting Target,0.93,Meeting Target,0.92,Meeting Target,0.89,Exceeding Target,0.86,Meeting Target,0.94,Meeting Target,Approaching Target,2.49,2.6,168,13,0,7,2,3,0,0,0,4,170,37,0,30,1,3,0,0,1,12,172,26,0,20,4,0,0,0,0,9,173,13,0,11,0,0,0,0,0,2,166,10,0,7,2,0,0,0,0,3,166,10,0,8,1,0,0,0,0,4,0,0,0,0,0,0,0,0,0,0,0,0,0,0,0,0,0,0,0,0,0,0,0,0,0,0,0,0,0,0,0,0,0,0,0,0,0,0,0,0,0,0,0,0,0,0,0,0,0,0,0,0,0,0,0,0,0,0,0,0,59768.44,56656.39583324577
60,P.S. 279 HERMAN SCHREIBER,332000000000,18K279,18,40.644044,-73.892737,"1070 E 104TH ST BROOKLYN, NY 11236",BROOKLYN,11236,"PK,0K,01,02,03,04,05",PK,5,No,0.5720000000000001,0.02,0.0,0.93,0.04,0.97,0.01,0.94,0.18,0.88,Meeting Target,0.85,Meeting Target,0.87,Meeting Target,0.79,Meeting Target,0.89,Meeting Target,0.91,Meeting Target,Meeting Target,2.46,2.49,66,2,0,2,0,0,0,0,0,2,68,3,0,3,0,0,0,0,0,3,69,11,0,11,0,0,0,0,0,9,68,8,0,8,0,0,0,0,0,6,71,9,0,7,0,0,0,0,0,6,71,7,0,7,0,0,0,0,0,6,0,0,0,0,0,0,0,0,0,0,0,0,0,0,0,0,0,0,0,0,0,0,0,0,0,0,0,0,0,0,0,0,0,0,0,0,0,0,0,0,0,0,0,0,0,0,0,0,0,0,0,0,0,0,0,0,0,0,0,0,62810.21,56887.469003907696
61,MIDDLE SCHOOL FOR ART AND PHILOSOPHY,332000000000,18K588,18,40.65785,-73.92003199999999,"1084 LENOX RD BROOKLYN, NY 11212",BROOKLYN,11212,"06,07,08",6,8,No,0.778,0.06,0.0,0.88,0.06,0.94,0.01,0.92,0.26,0.84,Meeting Target,0.82,Meeting Target,0.82,Meeting Target,0.84,Meeting Target,0.79,Meeting Target,0.84,Approaching Target,Meeting Target,2.29,2.18,0,0,0,0,0,0,0,0,0,0,0,0,0,0,0,0,0,0,0,0,0,0,0,0,0,0,0,0,0,0,0,0,0,0,0,0,0,0,0,0,0,0,0,0,0,0,0,0,0,0,0,0,0,0,0,0,0,0,0,0,64,3,0,2,0,0,0,0,0,3,65,1,0,0,0,0,0,0,0,1,51,0,0,0,0,0,0,0,0,0,53,1,0,0,0,0,0,0,0,1,89,1,0,1,0,0,0,0,0,0,89,1,0,1,0,0,0,0,0,0,0.0,506.82163851644873
62,P.S. 108 SAL ABBRACCIAMENTO,332000000000,19K108,19,40.681272,-73.884346,"200 LINWOOD ST BROOKLYN, NY 11208",BROOKLYN,11208,"0K,01,02,03,04,05",0K,5,No,0.838,0.12,0.06,0.12,0.79,0.91,0.02,0.92,0.3,0.96,Exceeding Target,0.92,Exceeding Target,0.96,Exceeding Target,0.88,Exceeding Target,0.85,Meeting Target,0.94,Exceeding Target,Exceeding Target,2.69,2.87,130,6,0,0,5,0,0,0,0,3,131,14,0,1,10,0,0,0,0,9,151,19,0,2,12,3,0,0,1,14,158,22,0,2,15,4,0,0,0,17,126,20,0,1,16,0,0,0,0,10,130,24,0,2,17,0,0,0,0,18,0,0,0,0,0,0,0,0,0,0,0,0,0,0,0,0,0,0,0,0,0,0,0,0,0,0,0,0,0,0,0,0,0,0,0,0,0,0,0,0,0,0,0,0,0,0,0,0,0,0,0,0,0,0,0,0,0,0,0,0,41992.07,35694.71670322802
63,P.S. 346 ABE STARK,332000000000,19K346,19,40.646745,-73.881849,"1400 PENNSYLVANIA AVE BROOKLYN, NY 11239",BROOKLYN,11239,"PK,0K,01,02,03,04,05",PK,5,No,0.6759999999999999,0.01,0.06,0.61,0.24,0.85,0.06,0.93,0.23,0.92,Approaching Target,0.93,Meeting Target,0.93,Meeting Target,0.85,Meeting Target,0.85,Meeting Target,0.93,Meeting Target,Meeting Target,2.45,2.54,85,1,0,0,0,0,0,0,0,1,84,3,0,1,1,0,0,0,0,3,108,5,0,3,2,0,0,0,0,5,108,4,0,3,0,0,1,0,0,4,102,4,0,2,2,0,0,0,0,3,100,3,0,0,1,0,0,0,0,3,0,0,0,0,0,0,0,0,0,0,0,0,0,0,0,0,0,0,0,0,0,0,0,0,0,0,0,0,0,0,0,0,0,0,0,0,0,0,0,0,0,0,0,0,0,0,0,0,0,0,0,0,0,0,0,0,0,0,0,0,30973.01,49970.2234259763
64,EAST NEW YORK FAMILY ACADEMY,332000000000,19K409,19,40.661208,-73.886779,"2057 LINDEN BLVD BROOKLYN, NY 11207",BROOKLYN,11207,"06,07,08,09,10,11,12",6,12,No,0.716,0.03,0.02,0.65,0.3,0.95,0.01,0.95,0.08,0.87,Meeting Target,0.85,Meeting Target,0.8,Meeting Target,0.84,Meeting Target,0.71,Approaching Target,0.9,Meeting Target,Meeting Target,2.61,2.74,0,0,0,0,0,0,0,0,0,0,0,0,0,0,0,0,0,0,0,0,0,0,0,0,0,0,0,0,0,0,0,0,0,0,0,0,0,0,0,0,0,0,0,0,0,0,0,0,0,0,0,0,0,0,0,0,0,0,0,0,67,1,0,1,0,0,0,0,0,0,67,2,0,2,0,0,0,0,0,1,67,6,0,3,1,0,0,0,0,2,68,9,0,3,3,0,0,0,0,6,67,6,0,4,0,0,0,0,0,5,67,5,0,3,0,0,0,0,0,5,0.0,8.973215691112275
65,FREDERICK DOUGLASS ACADEMY VIII MIDDLE SCHOOL,332000000000,19K452,19,40.646745,-73.881849,"1400 PENNSYLVANIA AVE BROOKLYN, NY 11239",BROOKLYN,11239,"06,07,08",6,8,No,0.64,0.02,0.05,0.72,0.23,0.95,0.0,0.95,0.14,0.89,Exceeding Target,0.95,Meeting Target,0.85,Meeting Target,0.91,Exceeding Target,0.84,Meeting Target,0.96,Exceeding Target,Approaching Target,2.72,2.63,0,0,0,0,0,0,0,0,0,0,0,0,0,0,0,0,0,0,0,0,0,0,0,0,0,0,0,0,0,0,0,0,0,0,0,0,0,0,0,0,0,0,0,0,0,0,0,0,0,0,0,0,0,0,0,0,0,0,0,0,107,13,0,7,0,0,0,0,0,10,107,18,0,10,0,0,0,0,0,15,99,6,0,4,0,0,0,0,0,3,99,5,0,4,0,0,0,0,0,5,97,13,0,7,3,3,0,0,0,8,97,19,0,10,8,1,0,0,0,14,0.0,811.4227314510573
66,P.S. K225 - THE EILEEN E. ZAGLIN,332000000000,21K225,21,40.579809999999995,-73.95600999999999,"1075 OCEANVIEW AVE BROOKLYN, NY 11235",BROOKLYN,11235,"PK,0K,01,02,03,04,05,06,07,08",PK,8,No,0.684,0.41,0.17,0.03,0.37,0.4,0.42,0.93,0.24,0.92,Approaching Target,0.89,Meeting Target,0.87,Meeting Target,0.85,Meeting Target,0.76,Approaching Target,0.92,Meeting Target,Meeting Target,2.51,2.64,112,7,0,0,2,0,5,0,1,2,121,15,0,0,2,0,9,0,4,5,77,8,0,0,1,0,6,0,0,5,80,8,0,0,2,0,3,0,0,4,99,12,0,0,3,0,8,0,1,5,103,20,0,0,0,0,15,0,3,8,113,13,0,0,4,0,7,0,0,8,127,15,0,0,2,0,11,0,3,6,93,7,0,0,3,0,3,0,0,3,109,8,0,0,2,0,4,0,0,3,127,13,0,0,4,2,6,0,0,7,138,16,0,0,3,3,9,0,1,9,36586.39,47729.07779531863
67,MARK TWAIN I.S. 239 FOR THE GIFTED & TALENTED,332000000000,21K239,21,40.57866,-73.992391,"2401 NEPTUNE AVE BROOKLYN, NY 11224",BROOKLYN,11224,"06,07,08",6,8,No,0.311,0.01,0.28,0.07,0.05,0.12,0.54,0.96,0.07,0.88,Meeting Target,0.89,Exceeding Target,0.87,Meeting Target,0.86,Meeting Target,0.73,Approaching Target,0.91,Meeting Target,Meeting Target,3.53,3.71,0,0,0,0,0,0,0,0,0,0,0,0,0,0,0,0,0,0,0,0,0,0,0,0,0,0,0,0,0,0,0,0,0,0,0,0,0,0,0,0,0,0,0,0,0,0,0,0,0,0,0,0,0,0,0,0,0,0,0,0,422,235,0,9,7,93,110,16,0,57,418,312,0,9,11,121,145,26,0,85,355,175,0,5,4,45,110,11,0,32,352,205,0,5,6,64,119,11,0,44,403,222,0,10,5,87,116,4,0,65,366,209,0,5,4,98,99,3,0,65,0.0,-1465.5927400073779
68,P.S. 195 MANHATTAN BEACH,332000000000,22K195,22,40.580244,-73.94359200000001,"131 IRWIN ST BROOKLYN, NY 11235",BROOKLYN,11235,"PK,0K,01,02,03,04,05",PK,5,No,0.262,0.11,0.03,0.03,0.02,0.05,0.92,0.94,0.14,0.94,Exceeding Target,0.94,Exceeding Target,0.95,Meeting Target,0.86,Meeting Target,0.87,Meeting Target,0.95,Exceeding Target,Meeting Target,3.06,3.44,79,11,0,0,0,1,8,0,0,5,80,46,0,0,0,4,38,0,0,14,81,35,0,0,0,0,0,0,0,9,82,46,0,0,0,0,0,0,0,9,61,17,0,0,0,0,16,0,0,2,61,31,0,0,0,0,29,0,0,3,0,0,0,0,0,0,0,0,0,0,0,0,0,0,0,0,0,0,0,0,0,0,0,0,0,0,0,0,0,0,0,0,0,0,0,0,0,0,0,0,0,0,0,0,0,0,0,0,0,0,0,0,0,0,0,0,0,0,0,0,75529.15,64071.20076652553
69,P.S. 197 - THE KINGS HIGHWAY ACADEMY,332000000000,22K197,22,40.612571,-73.951555,"1599 E 22ND ST BROOKLYN, NY 11210",BROOKLYN,11210,"PK,0K,01,02,03,04,05",PK,5,No,0.635,0.24,0.09,0.12,0.17,0.29,0.59,0.94,0.17,0.95,Meeting Target,0.93,Meeting Target,0.96,Meeting Target,0.87,Meeting Target,0.83,Meeting Target,0.96,Exceeding Target,Meeting Target,2.65,2.93,83,7,0,1,1,0,4,0,0,3,87,24,0,5,2,0,12,0,1,11,89,15,0,0,0,3,11,0,0,5,94,15,0,0,2,2,11,0,2,6,74,9,0,0,3,0,4,0,0,5,78,13,0,0,4,0,8,0,0,4,0,0,0,0,0,0,0,0,0,0,0,0,0,0,0,0,0,0,0,0,0,0,0,0,0,0,0,0,0,0,0,0,0,0,0,0,0,0,0,0,0,0,0,0,0,0,0,0,0,0,0,0,0,0,0,0,0,0,0,0,47497.36,50063.046763054386
70,P.S. 150 CHRISTOPHER,332000000000,23K150,23,40.668634999999995,-73.905086,"364 SACKMAN ST BROOKLYN, NY 11212",BROOKLYN,11212,"0K,01,02,03,04,05,SE",0K,5,No,0.948,0.1,0.02,0.59,0.32,0.91,0.03,0.92,0.3,0.0,,0.87,,0.9,,0.89,,0.82,,0.91,,Approaching Target,1.97,2.02,36,0,0,0,0,0,0,0,0,0,36,2,0,1,0,0,0,0,0,0,40,0,0,0,0,0,0,0,0,0,40,1,0,0,0,0,0,0,0,1,21,1,0,0,0,0,0,0,0,1,21,1,0,0,0,0,0,0,0,1,0,0,0,0,0,0,0,0,0,0,0,0,0,0,0,0,0,0,0,0,0,0,0,0,0,0,0,0,0,0,0,0,0,0,0,0,0,0,0,0,0,0,0,0,0,0,0,0,0,0,0,0,0,0,0,0,0,0,0,0,16901.67,30242.772341481716
71,P.S. 165 IDA POSNER,332000000000,23K165,23,40.657196,-73.910944,"76 LOTT AVE BROOKLYN, NY 11212",BROOKLYN,11212,"PK,0K,01,02,03,04,05,06,07,08",PK,8,Yes,0.815,0.04,0.0,0.83,0.14,0.97,0.02,0.86,0.5,0.91,Approaching Target,0.89,Meeting Target,0.87,Approaching Target,0.81,Meeting Target,0.83,Meeting Target,0.92,Meeting Target,Approaching Target,2.12,2.01,30,0,0,0,0,0,0,0,0,0,32,3,0,0,0,0,0,0,0,1,33,1,0,0,0,0,0,0,0,1,34,1,0,1,0,0,0,0,0,1,36,1,0,1,0,0,0,0,0,1,36,0,0,0,0,0,0,0,0,0,38,0,0,0,0,0,0,0,0,0,39,1,0,1,0,0,0,0,0,1,26,0,0,0,0,0,0,0,0,0,27,0,0,0,0,0,0,0,0,0,32,0,0,0,0,0,0,0,0,0,30,0,0,0,0,0,0,0,0,0,34324.41,37464.03560679343
72,P.S. 298 DR. BETTY SHABAZZ,332000000000,23K298,23,40.671012,-73.90774,"85 WATKINS ST BROOKLYN, NY 11212",BROOKLYN,11212,"0K,01,02,03,04,05",0K,5,Yes,0.9329999999999999,0.08,0.01,0.66,0.28,0.94,0.01,0.89,0.42,0.97,Meeting Target,0.94,Meeting Target,0.88,Approaching Target,0.83,Meeting Target,0.85,Meeting Target,0.92,Meeting Target,Not Meeting Target,1.97,1.97,30,0,0,0,0,0,0,0,0,0,31,2,0,0,0,0,0,0,0,0,23,0,0,0,0,0,0,0,0,0,24,0,0,0,0,0,0,0,0,0,25,0,0,0,0,0,0,0,0,0,26,0,0,0,0,0,0,0,0,0,0,0,0,0,0,0,0,0,0,0,0,0,0,0,0,0,0,0,0,0,0,0,0,0,0,0,0,0,0,0,0,0,0,0,0,0,0,0,0,0,0,0,0,0,0,0,0,0,0,0,0,0,0,0,0,0,0,0,0,0,23414.77,27707.03283297207
73,CHRISTOPHER AVENUE COMMUNITY SCHOOL,332000000000,23K401,23,40.672333,-73.906225,"51 CHRISTOPHER AVE BROOKLYN, NY 11212",BROOKLYN,11212,"PK,0K,01,02,03,04,05",PK,5,No,0.9440000000000001,0.03,0.0,0.69,0.29,0.97,0.01,0.88,0.52,0.92,Meeting Target,0.82,Meeting Target,0.91,Approaching Target,0.68,Approaching Target,0.86,Meeting Target,0.88,Meeting Target,Meeting Target,2.13,2.19,26,1,0,1,0,0,0,0,0,0,26,4,0,2,0,0,0,0,0,0,39,2,0,0,2,0,0,0,0,0,38,5,0,1,4,0,0,0,0,0,28,3,0,1,0,0,0,0,0,1,29,0,0,0,0,0,0,0,0,0,0,0,0,0,0,0,0,0,0,0,0,0,0,0,0,0,0,0,0,0,0,0,0,0,0,0,0,0,0,0,0,0,0,0,0,0,0,0,0,0,0,0,0,0,0,0,0,0,0,0,0,0,0,0,0,0,0,0,0,0,23794.1,28088.68326079037
74,I.S. 5 - THE WALTER CROWLEY INTERMEDIATE SCHOOL,342000000000,24Q005,24,40.737757,-73.887429,"50-40 JACOBUS ST ELMHURST, NY 11373",ELMHURST,11373,"06,07,08",6,8,No,0.643,0.16,0.44,0.02,0.52,0.54,0.02,0.96,0.1,0.82,Approaching Target,0.82,Meeting Target,0.83,Meeting Target,0.76,Approaching Target,0.68,Not Meeting Target,0.9,Meeting Target,Exceeding Target,2.84,2.99,0,0,0,0,0,0,0,0,0,0,0,0,0,0,0,0,0,0,0,0,0,0,0,0,0,0,0,0,0,0,0,0,0,0,0,0,0,0,0,0,0,0,0,0,0,0,0,0,0,0,0,0,0,0,0,0,0,0,0,0,616,116,0,0,21,88,6,0,1,72,624,192,0,0,31,153,7,0,4,110,571,82,0,1,20,58,0,0,0,40,579,138,0,0,34,102,0,0,2,73,561,100,0,0,25,73,2,0,0,49,490,61,0,0,12,47,2,0,1,34,0.0,2022.3904852190244
75,P.S. 049 DOROTHY BONAWIT KOLE,342000000000,24Q049,24,40.719516999999996,-73.875034,"63-60 80TH ST MIDDLE VILLAGE, NY 11379",MIDDLE VILLAGE,11379,"0K,01,02,03,04,05,06,07,08",0K,8,No,0.348,0.07,0.16,0.0,0.25,0.26,0.57,0.96,0.09,0.92,Meeting Target,0.93,Exceeding Target,0.88,Meeting Target,0.86,Meeting Target,0.81,Approaching Target,0.94,Exceeding Target,Meeting Target,2.97,3.09,118,11,0,0,1,0,6,0,0,2,118,29,0,0,2,0,17,0,0,9,125,23,0,0,5,6,12,0,0,8,124,23,0,0,4,7,12,0,0,7,142,32,0,0,4,0,22,0,0,9,143,50,0,0,7,0,30,0,0,18,129,39,0,0,8,0,20,0,0,12,128,44,0,0,10,14,20,0,1,16,131,32,0,0,3,4,25,0,0,7,132,29,0,0,5,5,19,0,0,12,103,24,0,0,4,5,15,0,0,7,104,27,0,0,2,7,18,0,0,11,67367.55,64081.76208566812
76,P.S. 022 THOMAS JEFFERSON,343000000000,25Q022,25,40.761748,-73.811379,"153-33 SANFORD AVE FLUSHING, NY 11355",FLUSHING,11355,"PK,0K,01,02,03,04,05",PK,5,No,0.606,0.45,0.6,0.0,0.36,0.36,0.03,0.97,0.09,0.93,Exceeding Target,0.91,Exceeding Target,0.94,Exceeding Target,0.87,Meeting Target,0.84,Meeting Target,0.93,Meeting Target,Exceeding Target,2.83,3.34,129,9,0,0,0,7,0,0,0,8,135,50,0,0,0,44,0,0,19,45,130,30,0,0,8,20,2,0,1,25,145,63,0,0,20,41,2,0,10,58,123,31,0,0,6,23,2,0,1,26,132,46,0,0,5,39,2,0,4,40,0,0,0,0,0,0,0,0,0,0,0,0,0,0,0,0,0,0,0,0,0,0,0,0,0,0,0,0,0,0,0,0,0,0,0,0,0,0,0,0,0,0,0,0,0,0,0,0,0,0,0,0,0,0,0,0,0,0,0,0,49884.66,49722.93671732333
77,P.S. 024 ANDREW JACKSON,343000000000,25Q024,25,40.751762,-73.81778,"141-11 HOLLY AVE FLUSHING, NY 11355",FLUSHING,11355,"PK,0K,01,02,03,04,05",PK,5,No,0.544,0.4,0.85,0.03,0.1,0.13,0.01,0.97,0.07,0.89,Exceeding Target,0.87,Meeting Target,0.93,Exceeding Target,0.75,Approaching Target,0.82,Approaching Target,0.87,Meeting Target,Exceeding Target,2.83,3.41,170,23,0,0,0,22,0,0,1,8,187,72,0,0,0,72,0,0,21,31,183,35,0,0,2,33,0,0,0,15,193,78,0,0,6,70,0,0,9,41,181,36,0,0,5,29,0,0,0,17,188,86,0,0,5,79,0,0,7,48,0,0,0,0,0,0,0,0,0,0,0,0,0,0,0,0,0,0,0,0,0,0,0,0,0,0,0,0,0,0,0,0,0,0,0,0,0,0,0,0,0,0,0,0,0,0,0,0,0,0,0,0,0,0,0,0,0,0,0,0,40033.97,47966.60327111866
78,I.S. 025 ADRIEN BLOCK,343000000000,25Q025,25,40.765017,-73.789689,"34-65 192ND ST FLUSHING, NY 11358",FLUSHING,11358,"06,07,08",6,8,No,0.336,0.1,0.5,0.01,0.24,0.25,0.24,0.97,0.06,0.87,Approaching Target,0.85,Meeting Target,0.85,Meeting Target,0.75,Approaching Target,0.69,Not Meeting Target,0.87,Meeting Target,Meeting Target,2.95,3.23,0,0,0,0,0,0,0,0,0,0,0,0,0,0,0,0,0,0,0,0,0,0,0,0,0,0,0,0,0,0,0,0,0,0,0,0,0,0,0,0,0,0,0,0,0,0,0,0,0,0,0,0,0,0,0,0,0,0,0,0,275,75,0,0,10,52,13,0,0,34,289,117,0,0,12,84,20,0,9,64,257,50,0,0,6,24,18,0,0,22,266,83,0,0,5,57,18,0,7,47,242,68,0,0,0,43,19,0,0,34,251,90,0,0,0,69,16,0,8,52,0.0,3711.2625488558037
79,P.S. 079 FRANCIS LEWIS,343000000000,25Q079,25,40.785959000000005,-73.817349,"147-27 15TH DR WHITESTONE, NY 11357",WHITESTONE,11357,"PK,0K,01,02,03,04,05",PK,5,No,0.26899999999999996,0.07,0.44,0.01,0.2,0.21,0.33,0.96,0.09,0.96,Meeting Target,0.97,Meeting Target,0.99,Meeting Target,0.91,Exceeding Target,0.85,Meeting Target,0.97,Exceeding Target,Meeting Target,3.0,3.4,169,37,0,0,0,28,5,0,0,23,171,67,0,0,0,57,5,0,0,43,169,59,0,0,5,36,16,0,0,29,175,78,0,0,4,55,17,0,3,39,143,33,0,0,3,17,11,0,0,11,143,46,0,0,4,29,11,0,0,18,0,0,0,0,0,0,0,0,0,0,0,0,0,0,0,0,0,0,0,0,0,0,0,0,0,0,0,0,0,0,0,0,0,0,0,0,0,0,0,0,0,0,0,0,0,0,0,0,0,0,0,0,0,0,0,0,0,0,0,0,69293.52,70862.50443630603
80,P.S. 201 THE DISCOVERY SCHOOL FOR INQUIRY AND RESEARCH,343000000000,25Q201,25,40.736521,-73.813001,"65-11 155TH ST FLUSHING, NY 11367",FLUSHING,11367,"PK,0K,01,02,03,04,05",PK,5,No,0.745,0.09,0.18,0.41,0.36,0.77,0.04,0.92,0.29,0.9,Exceeding Target,0.83,Meeting Target,0.92,Meeting Target,0.75,Approaching Target,0.84,Meeting Target,0.89,Meeting Target,Meeting Target,2.56,2.72,53,4,0,0,1,0,0,0,0,2,55,6,0,1,2,0,0,0,0,2,62,3,0,0,0,0,0,0,0,0,61,5,0,0,0,0,0,0,0,0,66,8,0,1,2,0,0,0,0,5,68,13,0,0,6,0,0,0,0,9,0,0,0,0,0,0,0,0,0,0,0,0,0,0,0,0,0,0,0,0,0,0,0,0,0,0,0,0,0,0,0,0,0,0,0,0,0,0,0,0,0,0,0,0,0,0,0,0,0,0,0,0,0,0,0,0,0,0,0,0,34723.19,46653.64507656481
81,I.S. 237,343000000000,25Q237,25,40.749539,-73.821454,"46-21 COLDEN ST FLUSHING, NY 11355",FLUSHING,11355,"06,07,08",6,8,No,0.562,0.19,0.73,0.07,0.17,0.25,0.02,0.96,0.13,0.78,Meeting Target,0.78,Approaching Target,0.78,Approaching Target,0.71,Approaching Target,0.66,Not Meeting Target,0.83,Approaching Target,Meeting Target,2.72,3.22,0,0,0,0,0,0,0,0,0,0,0,0,0,0,0,0,0,0,0,0,0,0,0,0,0,0,0,0,0,0,0,0,0,0,0,0,0,0,0,0,0,0,0,0,0,0,0,0,0,0,0,0,0,0,0,0,0,0,0,0,389,92,0,2,4,84,0,0,0,69,416,161,0,1,10,147,0,0,19,130,363,66,0,1,3,60,0,0,0,48,392,151,0,2,4,143,0,0,7,122,381,76,2,0,7,66,1,0,0,56,386,151,2,1,6,141,1,0,18,122,0.0,1060.339414588474
82,EAST-WEST SCHOOL OF INTERNATIONAL STUDIES,343000000000,25Q281,25,40.749539,-73.821454,"46-21 COLDEN ST FLUSHING, NY 11355",FLUSHING,11355,"06,07,08,09,10,11,12",6,12,No,0.5379999999999999,0.07,0.67,0.1,0.18,0.28,0.04,0.98,0.02,0.89,Meeting Target,0.88,Exceeding Target,0.84,Meeting Target,0.85,Meeting Target,0.74,Approaching Target,0.91,Meeting Target,Exceeding Target,2.96,3.39,0,0,0,0,0,0,0,0,0,0,0,0,0,0,0,0,0,0,0,0,0,0,0,0,0,0,0,0,0,0,0,0,0,0,0,0,0,0,0,0,0,0,0,0,0,0,0,0,0,0,0,0,0,0,0,0,0,0,0,0,108,32,0,0,0,29,0,0,0,29,107,65,0,0,0,58,0,0,2,54,106,19,0,0,1,16,0,0,0,12,107,44,0,0,1,40,0,0,1,34,93,24,0,0,2,21,0,0,0,16,34,5,0,0,0,5,0,0,0,5,0.0,-430.32419432017923
83,P.S. 026 RUFUS KING,343000000000,26Q026,26,40.736575,-73.778081,"195-02 69TH AVE FLUSHING, NY 11365",FLUSHING,11365,"PK,0K,01,02,03,04,05",PK,5,No,0.389,0.1,0.61,0.1,0.16,0.26,0.11,0.96,0.1,0.91,Meeting Target,0.84,Meeting Target,0.95,Meeting Target,0.7,Approaching Target,0.82,Approaching Target,0.87,Meeting Target,Exceeding Target,3.05,3.25,104,13,0,0,1,11,0,0,0,2,106,41,0,0,7,30,2,0,1,16,100,41,0,1,7,31,0,0,0,18,100,52,0,2,11,35,0,0,0,24,92,20,0,3,0,14,0,0,0,11,95,26,0,0,0,23,0,0,0,15,0,0,0,0,0,0,0,0,0,0,0,0,0,0,0,0,0,0,0,0,0,0,0,0,0,0,0,0,0,0,0,0,0,0,0,0,0,0,0,0,0,0,0,0,0,0,0,0,0,0,0,0,0,0,0,0,0,0,0,0,59032.41,59280.012185684696
84,P.S. 046 ALLEY POND,343000000000,26Q046,26,40.764889000000004,-73.764926,"64-45 218TH ST BAYSIDE, NY 11361",BAYSIDE,11361,"0K,01,02,03,04,05",0K,5,No,0.33399999999999996,0.08,0.61,0.05,0.14,0.18,0.18,0.97,0.07,0.95,Exceeding Target,0.97,Exceeding Target,0.97,Exceeding Target,0.96,Exceeding Target,0.86,Meeting Target,0.98,Exceeding Target,Exceeding Target,3.03,3.56,93,13,0,0,0,9,4,0,0,5,94,62,0,0,5,48,6,0,2,32,97,33,0,0,0,24,4,0,1,12,98,69,0,0,0,51,10,0,4,28,91,17,0,0,1,12,4,0,0,7,92,45,0,0,3,34,7,0,1,20,0,0,0,0,0,0,0,0,0,0,0,0,0,0,0,0,0,0,0,0,0,0,0,0,0,0,0,0,0,0,0,0,0,0,0,0,0,0,0,0,0,0,0,0,0,0,0,0,0,0,0,0,0,0,0,0,0,0,0,0,67071.34,73603.77014600423
85,J.H.S. 216 GEORGE J. RYAN,343000000000,26Q216,26,40.73726,-73.79446300000001,"64-20 175TH ST FLUSHING, NY 11365",FLUSHING,11365,"06,07,08",6,8,No,0.39899999999999997,0.08,0.68,0.06,0.11,0.17,0.14,0.97,0.05,0.88,Exceeding Target,0.85,Exceeding Target,0.85,Exceeding Target,0.81,Meeting Target,0.75,Approaching Target,0.86,Approaching Target,Exceeding Target,3.1,3.41,0,0,0,0,0,0,0,0,0,0,0,0,0,0,0,0,0,0,0,0,0,0,0,0,0,0,0,0,0,0,0,0,0,0,0,0,0,0,0,0,0,0,0,0,0,0,0,0,0,0,0,0,0,0,0,0,0,0,0,0,448,170,0,7,11,129,20,0,0,84,457,242,0,5,11,200,23,0,7,135,430,96,0,4,9,74,7,0,1,50,438,161,0,7,10,128,14,0,4,87,449,127,0,0,9,108,6,0,0,74,433,170,0,0,8,153,7,0,9,98,0.0,-442.10793996665603
86,P. S. 62 - CHESTER PARK SCHOOL,343000000000,27Q062,27,40.688365999999995,-73.835594,"97-25 108TH ST SOUTH RICHMOND HILL, NY 11419",SOUTH RICHMOND HILL,11419,"0K,01,02,03,04,05",0K,5,No,0.612,0.16,0.62,0.03,0.27,0.3,0.02,0.95,0.15,0.9,Meeting Target,0.87,Exceeding Target,0.96,Exceeding Target,0.82,Meeting Target,0.82,Approaching Target,0.93,Meeting Target,Approaching Target,2.59,2.71,154,8,0,0,0,7,0,0,0,5,157,39,1,0,2,33,1,0,2,22,141,21,0,0,3,17,0,0,0,10,144,33,0,0,6,26,0,0,0,18,145,21,0,1,7,11,0,0,0,10,146,20,0,1,3,15,0,0,0,11,0,0,0,0,0,0,0,0,0,0,0,0,0,0,0,0,0,0,0,0,0,0,0,0,0,0,0,0,0,0,0,0,0,0,0,0,0,0,0,0,0,0,0,0,0,0,0,0,0,0,0,0,0,0,0,0,0,0,0,0,53133.99,55851.431387714416
87,P.S. 207 ROCKWOOD PARK,343000000000,27Q207,27,40.657832,-73.844039,"159-15 88TH ST HOWARD BEACH, NY 11414",HOWARD BEACH,11414,"PK,0K,01,02,03,04,05,06,07,08",PK,8,No,0.191,0.0,0.03,0.02,0.19,0.21,0.75,0.95,0.11,0.91,Meeting Target,0.91,Meeting Target,0.88,Meeting Target,0.82,Meeting Target,0.8,Approaching Target,0.92,Meeting Target,Meeting Target,2.87,3.06,69,6,0,0,0,0,4,0,0,3,69,19,0,0,0,0,13,0,0,9,55,19,0,0,0,0,15,0,0,6,55,21,0,0,0,0,17,0,0,7,78,9,0,0,1,0,8,0,0,3,77,6,0,0,0,0,6,0,0,1,84,14,0,0,0,0,12,0,0,3,82,17,0,0,0,0,15,0,0,7,73,14,0,0,5,0,9,0,0,4,70,19,0,0,4,0,14,0,0,6,60,9,0,0,0,0,7,0,0,3,39,3,0,0,0,0,1,0,0,0,80373.95,82808.2629325905
88,P.S. 223 LYNDON B. JOHNSON,343000000000,27Q223,27,40.674555,-73.790212,"125-20 SUTPHIN BLVD JAMAICA, NY 11436",JAMAICA,11436,"PK,0K,01,02,03,04,05",PK,5,No,0.677,0.04,0.08,0.67,0.16,0.83,0.01,0.93,0.22,0.86,Meeting Target,0.89,Meeting Target,0.92,Meeting Target,0.79,Meeting Target,0.85,Meeting Target,0.92,Meeting Target,Meeting Target,2.45,2.52,86,2,0,1,0,0,0,0,0,0,88,6,0,3,1,0,0,0,0,4,88,3,0,2,0,1,0,0,0,3,88,2,0,0,2,0,0,0,0,1,78,4,1,3,0,0,0,0,0,3,78,4,0,2,1,0,0,0,0,4,0,0,0,0,0,0,0,0,0,0,0,0,0,0,0,0,0,0,0,0,0,0,0,0,0,0,0,0,0,0,0,0,0,0,0,0,0,0,0,0,0,0,0,0,0,0,0,0,0,0,0,0,0,0,0,0,0,0,0,0,59616.97,52111.678670994304
89,CHANNEL VIEW SCHOOL FOR RESEARCH,343000000000,27Q262,27,40.586665999999994,-73.823435,"100-00 BEACH CHANNEL DR ROCKAWAY PARK, NY 11694",ROCKAWAY PARK,11694,"06,07,08,09,10,11,12",6,12,No,0.551,0.02,0.07,0.49,0.28,0.78,0.13,0.95,0.14,0.94,Exceeding Target,0.96,Exceeding Target,0.88,Meeting Target,0.9,Exceeding Target,0.77,Meeting Target,0.94,Exceeding Target,Approaching Target,2.63,2.47,0,0,0,0,0,0,0,0,0,0,0,0,0,0,0,0,0,0,0,0,0,0,0,0,0,0,0,0,0,0,0,0,0,0,0,0,0,0,0,0,0,0,0,0,0,0,0,0,0,0,0,0,0,0,0,0,0,0,0,0,86,6,0,1,2,0,2,0,0,4,86,2,0,0,0,0,1,0,0,0,81,1,0,1,0,0,0,0,0,1,82,1,0,0,0,0,0,0,0,1,57,10,0,7,3,0,0,0,0,8,58,1,0,1,0,0,0,0,0,1,0.0,274.04778026726126
90,THE ACADEMY FOR EXCELLENCE THROUGH THE ARTS,343000000000,28Q303,28,40.725755,-73.844042,"108-55 69TH ST FOREST HILLS, NY 11375",FOREST HILLS,11375,"PK,0K,01,02,03",PK,3,No,0.13,0.01,0.37,0.04,0.2,0.23,0.37,0.97,0.02,0.93,,0.85,,0.96,,0.78,,0.88,,0.88,,,2.5342152834839773,2.6689564502875918,29,11,0,0,0,5,5,0,0,0,29,15,0,0,0,9,4,0,0,0,0,0,0,0,0,0,0,0,0,0,0,0,0,0,0,0,0,0,0,0,0,0,0,0,0,0,0,0,0,0,0,0,0,0,0,0,0,0,0,0,0,0,0,0,0,0,0,0,0,0,0,0,0,0,0,0,0,0,0,0,0,0,0,0,0,0,0,0,0,0,0,0,0,0,0,0,0,0,0,0,0,0,0,0,0,0,0,0,0,0,0,0,0,0,0,0,0,0,0,0,69328.45,87164.13067942049
91,CYNTHIA JENKINS SCHOOL,343000000000,29Q037,29,40.676251,-73.758597,"179-37 137TH AVE JAMAICA, NY 11434",JAMAICA,11434,"PK,0K,01,02,03,04,05",PK,5,No,0.647,0.03,0.02,0.9,0.07,0.97,0.0,0.93,0.21,0.9,Exceeding Target,0.87,Exceeding Target,0.85,Meeting Target,0.79,Meeting Target,0.86,Meeting Target,0.91,Meeting Target,Approaching Target,2.52,2.46,76,3,0,3,0,0,0,0,0,2,77,8,0,8,0,0,0,0,0,5,80,6,0,5,0,0,0,0,0,4,80,5,0,5,0,0,0,0,0,2,87,12,0,12,0,0,0,0,0,6,87,2,0,2,0,0,0,0,0,1,0,0,0,0,0,0,0,0,0,0,0,0,0,0,0,0,0,0,0,0,0,0,0,0,0,0,0,0,0,0,0,0,0,0,0,0,0,0,0,0,0,0,0,0,0,0,0,0,0,0,0,0,0,0,0,0,0,0,0,0,68856.71,63121.372474781536
92,P.S. 134 HOLLIS,343000000000,29Q134,29,40.70796,-73.755348,"203-02 109TH AVE HOLLIS, NY 11423",HOLLIS,11423,"PK,0K,01,02,03,04,05",PK,5,No,0.5660000000000001,0.1,0.03,0.86,0.09,0.95,0.01,0.92,0.32,0.86,Meeting Target,0.78,Approaching Target,0.79,Approaching Target,0.73,Approaching Target,0.85,Meeting Target,0.84,Approaching Target,Meeting Target,2.4,2.32,78,4,0,3,0,0,0,0,0,3,78,2,0,2,0,0,0,0,0,2,65,9,0,8,1,0,0,0,0,7,66,3,0,2,0,0,0,0,0,3,53,2,0,1,0,0,0,0,0,1,51,4,0,2,0,0,0,0,0,3,0,0,0,0,0,0,0,0,0,0,0,0,0,0,0,0,0,0,0,0,0,0,0,0,0,0,0,0,0,0,0,0,0,0,0,0,0,0,0,0,0,0,0,0,0,0,0,0,0,0,0,0,0,0,0,0,0,0,0,0,69948.92,64355.95521824744
93,P.S. 176 CAMBRIA HEIGHTS,343000000000,29Q176,29,40.684870000000004,-73.729678,"120-45 235TH ST CAMBRIA HEIGHTS, NY 11411",CAMBRIA HEIGHTS,11411,"PK,0K,01,02,03,04,05",PK,5,No,0.38,0.01,0.05,0.81,0.03,0.85,0.0,0.96,0.09,0.96,Exceeding Target,0.94,Meeting Target,0.94,Meeting Target,0.86,Exceeding Target,0.87,Meeting Target,0.94,Meeting Target,Meeting Target,3.0,2.93,133,31,0,21,0,9,0,0,0,21,132,47,0,35,0,12,0,0,0,34,139,56,0,52,3,0,0,0,0,33,140,47,0,40,3,0,0,0,0,29,120,18,0,17,0,0,0,0,0,15,119,6,1,4,0,0,0,0,0,6,0,0,0,0,0,0,0,0,0,0,0,0,0,0,0,0,0,0,0,0,0,0,0,0,0,0,0,0,0,0,0,0,0,0,0,0,0,0,0,0,0,0,0,0,0,0,0,0,0,0,0,0,0,0,0,0,0,0,0,0,83684.63,69138.18875925924
94,P.S./I.S. 268,343000000000,29Q268,29,40.707652,-73.785219,"92-07 175TH ST JAMAICA, NY 11433",JAMAICA,11433,"0K,01,02,03,04,05,06,07,08",0K,8,No,0.65,0.08,0.27,0.34,0.27,0.61,0.02,0.94,0.16,0.91,Meeting Target,0.83,Meeting Target,0.88,Meeting Target,0.73,Approaching Target,0.78,Approaching Target,0.82,Approaching Target,Meeting Target,2.69,2.71,74,3,0,3,0,0,0,0,0,2,73,10,0,2,3,3,0,0,0,8,46,10,0,1,2,4,0,0,0,7,45,8,0,0,0,4,0,0,0,5,61,9,1,2,1,5,0,0,0,8,61,8,0,1,1,6,0,0,0,8,61,9,0,0,2,5,0,0,0,7,61,10,0,0,4,4,0,0,0,8,68,3,0,3,0,0,0,0,0,1,67,2,0,1,0,1,0,0,0,1,48,6,0,3,0,3,0,0,0,3,33,3,0,0,1,0,0,0,0,2,47432.34,50610.27988605883
95,EAGLE ACADEMY FOR YOUNG MEN III,343000000000,29Q327,29,40.691665,-73.778987,"171-10 LINDEN BLVD JAMAICA, NY 11434",JAMAICA,11434,"06,07,08,09,10,11,12",6,12,No,0.419,0.0,0.01,0.86,0.03,0.9,0.03,0.93,0.27,0.81,Meeting Target,0.66,Meeting Target,0.81,,0.61,Approaching Target,0.84,,0.8,,Meeting Target,2.41,2.42,0,0,0,0,0,0,0,0,0,0,0,0,0,0,0,0,0,0,0,0,0,0,0,0,0,0,0,0,0,0,0,0,0,0,0,0,0,0,0,0,0,0,0,0,0,0,0,0,0,0,0,0,0,0,0,0,0,0,0,0,68,2,0,2,0,0,0,0,0,1,68,0,0,0,0,0,0,0,0,0,72,1,0,1,0,0,0,0,0,1,71,2,0,2,0,0,0,0,0,1,74,5,0,3,0,0,0,0,0,2,74,3,0,1,0,0,0,0,0,2,0.0,291.5590198555219
96,COLLABORATIVE ARTS MIDDLE SCHOOL,343000000000,29Q355,29,40.664858,-73.759088,"145-00 SPRINGFIELD BLVD SPRINGFIELD GARDENS, NY 11413",SPRINGFIELD GARDENS,11413,"06,07,08",6,8,No,0.557,0.02,0.01,0.91,0.06,0.97,0.01,0.92,0.26,0.84,Meeting Target,0.91,Meeting Target,0.78,Approaching Target,0.9,Meeting Target,0.8,Meeting Target,0.89,Meeting Target,Approaching Target,2.21,2.13,0,0,0,0,0,0,0,0,0,0,0,0,0,0,0,0,0,0,0,0,0,0,0,0,0,0,0,0,0,0,0,0,0,0,0,0,0,0,0,0,0,0,0,0,0,0,0,0,0,0,0,0,0,0,0,0,0,0,0,0,102,7,0,7,0,0,0,0,0,5,102,3,0,3,0,0,0,0,0,2,134,1,0,1,0,0,0,0,0,1,134,1,0,1,0,0,0,0,0,1,147,2,0,2,0,0,0,0,0,2,147,6,0,6,0,0,0,0,0,5,0.0,398.9449276247251
97,I.S. 010 HORACE GREELEY,343000000000,30Q010,30,40.759518,-73.912499,"45-11 31ST AVE LONG ISLAND CITY, NY 11103",LONG ISLAND CITY,11103,"06,07,08",6,8,No,0.605,0.12,0.23,0.06,0.52,0.58,0.18,0.94,0.15,0.93,Meeting Target,0.95,Meeting Target,0.88,Meeting Target,0.88,Meeting Target,0.7,Approaching Target,0.93,Meeting Target,Exceeding Target,2.59,2.76,0,0,0,0,0,0,0,0,0,0,0,0,0,0,0,0,0,0,0,0,0,0,0,0,0,0,0,0,0,0,0,0,0,0,0,0,0,0,0,0,0,0,0,0,0,0,0,0,0,0,0,0,0,0,0,0,0,0,0,0,199,27,0,0,12,9,6,0,0,15,204,30,0,0,11,15,4,0,0,18,270,32,0,0,12,11,9,0,0,13,275,38,0,0,11,16,10,0,0,20,272,38,0,0,15,10,13,0,0,17,276,33,0,0,13,9,11,0,0,13,0.0,956.5953543105353
98,P.S. 011 KATHRYN PHELAN,343000000000,30Q011,30,40.745517,-73.909077,"54-25 SKILLMAN AVE WOODSIDE, NY 11377",WOODSIDE,11377,"0K,01,02,03,04,05,06",0K,6,No,0.5670000000000001,0.25,0.38,0.02,0.5,0.51,0.09,0.95,0.12,0.91,Meeting Target,0.9,Exceeding Target,0.92,Exceeding Target,0.85,Meeting Target,0.85,Meeting Target,0.94,Exceeding Target,Exceeding Target,2.76,2.95,180,15,0,0,0,11,0,0,0,4,182,28,0,0,4,21,0,0,0,11,177,46,0,1,17,24,4,0,1,15,180,62,0,1,23,34,4,0,3,28,192,27,0,0,7,16,3,0,0,11,199,37,0,0,5,27,4,0,0,20,137,38,0,0,10,23,0,0,1,16,138,40,0,0,9,25,0,0,2,17,0,0,0,0,0,0,0,0,0,0,0,0,0,0,0,0,0,0,0,0,0,0,0,0,0,0,0,0,0,0,0,0,0,0,0,0,0,0,0,0,51298.3,51038.79450284626
99,P.S. 122 MAMIE FAY,343000000000,30Q122,30,40.780311,-73.91658000000001,"21-21 DITMARS BLVD ASTORIA, NY 11105",ASTORIA,11105,"PK,0K,01,02,03,04,05,06,07,08",PK,8,No,0.42100000000000004,0.05,0.3,0.06,0.21,0.27,0.39,0.96,0.08,0.9,Exceeding Target,0.86,Exceeding Target,0.91,Meeting Target,0.71,Approaching Target,0.78,Approaching Target,0.92,Meeting Target,Exceeding Target,3.38,3.52,169,20,0,2,7,3,7,1,0,7,169,58,0,4,7,20,23,4,0,23,165,67,0,4,12,19,30,0,0,26,169,77,0,3,12,28,32,0,0,36,169,49,0,0,3,12,31,0,0,17,170,45,0,0,1,16,26,0,0,17,108,99,0,0,10,52,31,0,0,48,108,103,0,0,10,57,30,0,0,52,84,59,0,0,0,37,13,0,0,32,84,58,0,0,0,40,10,0,0,33,92,73,0,0,0,52,15,0,0,43,0,0,0,0,0,0,0,0,0,0,54818.42,63288.07077848102
100,P.S. 148 QUEENS,343000000000,30Q148,30,40.758364,-73.879173,"89-02 32ND AVE EAST ELMHURST, NY 11369",EAST ELMHURST,11369,"PK,0K,01,02,03,04,05",PK,5,No,0.662,0.29,0.14,0.0,0.83,0.83,0.03,0.95,0.11,0.76,Not Meeting Target,0.6,Approaching Target,0.82,Meeting Target,0.39,Not Meeting Target,0.78,Approaching Target,0.71,Approaching Target,Meeting Target,2.49,2.71,186,7,0,0,4,0,0,0,0,4,189,28,0,0,17,0,0,0,1,19,150,6,0,0,4,1,0,0,0,1,159,21,0,0,13,8,0,0,0,14,143,9,0,0,6,3,0,0,0,6,147,16,0,0,10,6,0,0,0,12,0,0,0,0,0,0,0,0,0,0,0,0,0,0,0,0,0,0,0,0,0,0,0,0,0,0,0,0,0,0,0,0,0,0,0,0,0,0,0,0,0,0,0,0,0,0,0,0,0,0,0,0,0,0,0,0,0,0,0,0,55507.16,52070.97665863421
101,P.S. 234,343000000000,30Q234,30,40.766925,-73.92305400000001,"30-15 29TH ST ASTORIA, NY 11102",ASTORIA,11102,"PK,0K,01,02,03,04,05",PK,5,No,0.672,0.22,0.24,0.05,0.38,0.44,0.31,0.95,0.11,0.93,Meeting Target,0.87,Meeting Target,0.95,Meeting Target,0.82,Meeting Target,0.83,Approaching Target,0.89,Meeting Target,Approaching Target,2.62,2.73,91,9,0,0,2,2,4,0,0,7,92,22,0,0,6,9,6,0,1,16,99,2,0,0,0,0,2,0,0,2,100,8,0,0,0,2,6,0,2,6,93,6,0,0,1,0,3,0,0,4,95,7,0,0,0,0,3,0,0,4,0,0,0,0,0,0,0,0,0,0,0,0,0,0,0,0,0,0,0,0,0,0,0,0,0,0,0,0,0,0,0,0,0,0,0,0,0,0,0,0,0,0,0,0,0,0,0,0,0,0,0,0,0,0,0,0,0,0,0,0,54400.6,51455.18879061129
102,ACADEMY FOR NEW AMERICANS,343000000000,30Q235,30,40.766708,-73.923052,"30-14 30TH ST ASTORIA, NY 11102",ASTORIA,11102,"06,07,08",6,8,No,0.6759999999999999,0.99,0.22,0.01,0.61,0.63,0.15,0.96,0.11,0.93,Meeting Target,0.96,Meeting Target,0.96,Exceeding Target,0.92,Exceeding Target,0.84,Meeting Target,0.96,Exceeding Target,,1.91,2.34,0,0,0,0,0,0,0,0,0,0,0,0,0,0,0,0,0,0,0,0,0,0,0,0,0,0,0,0,0,0,0,0,0,0,0,0,0,0,0,0,0,0,0,0,0,0,0,0,0,0,0,0,0,0,0,0,0,0,0,0,0,0,0,0,0,0,0,0,0,0,48,3,0,0,1,1,0,0,3,3,38,0,0,0,0,0,0,0,0,0,70,3,0,0,1,2,0,0,3,3,49,0,0,0,0,0,0,0,0,0,69,1,0,0,0,1,0,0,0,1,0.0,1881.6800363579025
103,THE 30TH AVENUE SCHOOL (G&T CITYWIDE),343000000000,30Q300,30,40.768259,-73.922754,"28-37 29TH ST ASTORIA, NY 11102",ASTORIA,11102,"0K,01,02,03,04,05,06,07,08",0K,8,No,0.259,0.01,0.45,0.06,0.09,0.14,0.31,0.96,0.04,0.94,,0.97,,0.95,,0.95,,0.93,,0.99,,,3.73,3.99,0,0,0,0,0,0,0,0,0,0,0,0,0,0,0,0,0,0,0,0,0,0,0,0,0,0,0,0,0,0,0,0,0,0,0,0,0,0,0,0,0,0,0,0,0,0,0,0,0,0,0,0,0,0,0,0,0,0,0,0,44,34,0,0,0,21,9,0,0,9,44,35,0,0,0,21,9,0,0,10,22,14,0,0,0,10,0,0,0,5,22,12,0,0,0,8,0,0,0,4,0,0,0,0,0,0,0,0,0,0,0,0,0,0,0,0,0,0,0,0,66603.51,27746.18445294287
104,P.S. 11 THOMAS DONGAN SCHOOL,353000000000,31R011,31,40.590709000000004,-74.097904,"50 JEFFERSON ST STATEN ISLAND, NY 10304",STATEN ISLAND,10304,"PK,0K,01,02,03,04,05",PK,5,No,0.5670000000000001,0.11,0.08,0.16,0.4,0.56,0.35,0.94,0.19,0.93,Meeting Target,0.86,Exceeding Target,0.85,Meeting Target,0.77,Meeting Target,0.88,Meeting Target,0.87,Meeting Target,Meeting Target,2.52,2.63,45,3,0,0,1,0,2,0,0,2,46,4,0,0,2,0,2,0,0,3,35,5,0,0,2,0,3,0,0,2,35,1,0,0,0,0,1,0,0,0,42,3,0,0,1,0,2,0,0,1,42,3,0,0,2,0,1,0,0,0,0,0,0,0,0,0,0,0,0,0,0,0,0,0,0,0,0,0,0,0,0,0,0,0,0,0,0,0,0,0,0,0,0,0,0,0,0,0,0,0,0,0,0,0,0,0,0,0,0,0,0,0,0,0,0,0,0,0,0,0,61018.91,63148.1698587456
105,P.S. 013 M. L. LINDEMEYER,353000000000,31R013,31,40.613146,-74.06915,"191 VERMONT AVE STATEN ISLAND, NY 10305",STATEN ISLAND,10305,"PK,0K,01,02,03,04,05",PK,5,No,0.639,0.13,0.15,0.16,0.44,0.6,0.22,0.94,0.2,0.94,Meeting Target,0.93,Exceeding Target,0.95,Meeting Target,0.85,Meeting Target,0.88,Meeting Target,0.94,Exceeding Target,Meeting Target,2.48,2.76,165,6,0,1,2,0,2,0,0,2,165,31,0,2,6,0,12,0,1,11,145,14,0,4,5,0,1,0,0,5,145,29,0,5,8,0,6,0,1,11,129,9,0,0,2,0,4,0,0,4,130,24,0,1,10,0,7,0,1,10,0,0,0,0,0,0,0,0,0,0,0,0,0,0,0,0,0,0,0,0,0,0,0,0,0,0,0,0,0,0,0,0,0,0,0,0,0,0,0,0,0,0,0,0,0,0,0,0,0,0,0,0,0,0,0,0,0,0,0,0,62621.47,61671.60848980334
106,P.S. 21 MARGARET EMERY-ELM PARK,353000000000,31R021,31,40.631307,-74.144611,"168 HOOKER PL STATEN ISLAND, NY 10302",STATEN ISLAND,10302,"PK,0K,01,02,03,04,05",PK,5,No,0.7879999999999999,0.17,0.02,0.24,0.58,0.83,0.15,0.93,0.2,0.98,Meeting Target,0.91,Meeting Target,0.95,Meeting Target,0.78,Approaching Target,0.82,Approaching Target,0.87,Meeting Target,Meeting Target,2.2,2.36,70,2,0,0,2,0,0,0,0,0,70,2,0,0,2,0,0,0,0,0,65,4,0,2,1,0,1,0,0,2,67,3,0,0,1,0,2,0,0,2,65,2,0,0,1,0,0,0,0,1,65,2,0,0,1,0,0,0,0,1,0,0,0,0,0,0,0,0,0,0,0,0,0,0,0,0,0,0,0,0,0,0,0,0,0,0,0,0,0,0,0,0,0,0,0,0,0,0,0,0,0,0,0,0,0,0,0,0,0,0,0,0,0,0,0,0,0,0,0,0,54340.32,46317.630934051536
107,P.S. 032 THE GIFFORD SCHOOL,353000000000,31R032,31,40.555229,-74.154172,"32 ELVERTON AVE STATEN ISLAND, NY 10308",STATEN ISLAND,10308,"PK,0K,01,02,03,04,05",PK,5,No,0.243,0.02,0.03,0.01,0.17,0.17,0.78,0.95,0.13,0.88,Exceeding Target,0.9,Meeting Target,0.93,Meeting Target,0.83,Meeting Target,0.86,Meeting Target,0.9,Meeting Target,Meeting Target,2.74,2.94,101,4,0,0,0,0,4,0,0,3,102,32,0,0,0,0,25,0,0,12,102,30,0,0,8,0,22,0,0,7,102,25,0,0,4,0,21,0,0,5,117,22,0,0,1,1,20,0,0,7,115,26,0,0,0,3,23,0,0,7,0,0,0,0,0,0,0,0,0,0,0,0,0,0,0,0,0,0,0,0,0,0,0,0,0,0,0,0,0,0,0,0,0,0,0,0,0,0,0,0,0,0,0,0,0,0,0,0,0,0,0,0,0,0,0,0,0,0,0,0,87061.73,83456.79757078673
108,P.S. 39 FRANCIS J. MURPHY JR.,353000000000,31R039,31,40.597613,-74.071405,"71 SAND LN STATEN ISLAND, NY 10305",STATEN ISLAND,10305,"PK,0K,01,02,03,04,05",PK,5,No,0.562,0.11,0.14,0.05,0.32,0.37,0.47,0.94,0.19,0.97,Exceeding Target,0.93,Exceeding Target,0.97,Exceeding Target,0.85,Meeting Target,0.86,Meeting Target,0.94,Exceeding Target,Approaching Target,2.57,2.68,77,8,0,1,1,3,3,0,0,5,78,10,0,0,2,3,5,0,0,5,90,15,0,2,0,3,10,0,0,9,92,9,0,1,1,1,6,0,0,6,72,5,0,0,0,0,3,0,0,4,73,13,0,0,0,0,8,0,0,4,0,0,0,0,0,0,0,0,0,0,0,0,0,0,0,0,0,0,0,0,0,0,0,0,0,0,0,0,0,0,0,0,0,0,0,0,0,0,0,0,0,0,0,0,0,0,0,0,0,0,0,0,0,0,0,0,0,0,0,0,73449.66,66707.15653511073
109,P.S. 045 JOHN TYLER,353000000000,31R045,31,40.628306,-74.107516,"58 LAWRENCE AVE STATEN ISLAND, NY 10310",STATEN ISLAND,10310,"PK,0K,01,02,03,04,05",PK,5,No,0.635,0.05,0.05,0.17,0.47,0.64,0.27,0.93,0.21,0.91,Exceeding Target,0.87,Meeting Target,0.88,Meeting Target,0.79,Meeting Target,0.88,Meeting Target,0.88,Meeting Target,Meeting Target,2.55,2.56,143,4,0,1,0,0,2,0,0,1,143,13,0,0,4,0,4,0,0,4,137,17,0,1,7,0,7,0,0,11,140,17,0,3,5,0,7,0,0,11,127,22,0,2,4,1,15,0,0,13,126,16,0,1,3,2,10,0,0,7,0,0,0,0,0,0,0,0,0,0,0,0,0,0,0,0,0,0,0,0,0,0,0,0,0,0,0,0,0,0,0,0,0,0,0,0,0,0,0,0,0,0,0,0,0,0,0,0,0,0,0,0,0,0,0,0,0,0,0,0,66662.96,63178.829399398826
110,I.S. 051 EDWIN MARKHAM,353000000000,31R051,31,40.623011,-74.14529499999999,"20 HOUSTON ST STATEN ISLAND, NY 10302",STATEN ISLAND,10302,"06,07,08,SE",6,8,No,0.604,0.08,0.06,0.22,0.44,0.66,0.27,0.91,0.29,0.85,Approaching Target,0.86,Exceeding Target,0.8,Approaching Target,0.8,Meeting Target,0.77,Approaching Target,0.88,Meeting Target,Meeting Target,2.47,2.32,0,0,0,0,0,0,0,0,0,0,0,0,0,0,0,0,0,0,0,0,0,0,0,0,0,0,0,0,0,0,0,0,0,0,0,0,0,0,0,0,0,0,0,0,0,0,0,0,0,0,0,0,0,0,0,0,0,0,0,0,400,28,0,5,7,7,9,0,0,16,391,33,0,4,8,9,12,0,0,16,376,19,0,0,5,0,9,0,0,8,358,20,0,1,2,0,13,0,0,6,428,22,0,4,5,1,12,0,0,13,396,10,0,2,2,2,4,0,0,4,0.0,-449.5764764628184
111,P.S. 052 JOHN C. THOMPSON,353000000000,31R052,31,40.582437,-74.088696,"450 BUEL AVE STATEN ISLAND, NY 10305",STATEN ISLAND,10305,"PK,0K,01,02,03,04,05",PK,5,No,0.39799999999999996,0.12,0.1,0.01,0.2,0.21,0.68,0.94,0.17,0.93,Meeting Target,0.93,Meeting Target,0.94,Meeting Target,0.85,Meeting Target,0.86,Meeting Target,0.94,Meeting Target,Meeting Target,2.7,2.95,61,4,0,0,2,0,2,0,0,3,63,22,0,0,7,0,13,0,2,15,81,13,0,0,2,0,9,0,0,8,82,16,0,0,2,0,10,0,0,11,81,7,0,0,1,1,5,0,0,4,83,12,0,0,1,2,9,0,0,7,0,0,0,0,0,0,0,0,0,0,0,0,0,0,0,0,0,0,0,0,0,0,0,0,0,0,0,0,0,0,0,0,0,0,0,0,0,0,0,0,0,0,0,0,0,0,0,0,0,0,0,0,0,0,0,0,0,0,0,0,69961.21,70158.7833083191
112,P.S. 74 FUTURE LEADERS ELEMENTARY SCHOOL,353000000000,31R074,31,40.638837,-74.079494,"211 DANIEL LOW TERR STATEN ISLAND, NY 10301",STATEN ISLAND,10301,"0K,01,02,03,04,05",0K,5,No,0.8170000000000001,0.3,0.07,0.24,0.63,0.87,0.06,0.92,0.29,0.83,Meeting Target,0.83,Meeting Target,0.81,Approaching Target,0.76,Approaching Target,0.86,Meeting Target,0.88,Meeting Target,Exceeding Target,2.26,2.34,57,1,0,0,1,0,0,0,0,1,59,2,0,0,0,0,0,0,1,2,48,3,0,0,2,0,0,0,0,0,49,1,0,0,0,0,0,0,0,0,40,1,0,0,0,0,0,0,0,0,41,4,0,0,3,0,0,0,0,0,0,0,0,0,0,0,0,0,0,0,0,0,0,0,0,0,0,0,0,0,0,0,0,0,0,0,0,0,0,0,0,0,0,0,0,0,0,0,0,0,0,0,0,0,0,0,0,0,0,0,0,0,0,0,0,0,0,0,0,0,48219.48,46588.192556194335
113,THE MICHAEL J. PETRIDES SCHOOL,353000000000,31R080,31,40.608441,-74.105262,"715 OCEAN TERR STATEN ISLAND, NY 10301",STATEN ISLAND,10301,"0K,01,02,03,04,05,06,07,08,09,10,11,12",0K,12,No,0.366,0.01,0.08,0.2,0.22,0.42,0.48,0.95,0.1,0.93,Exceeding Target,0.92,Exceeding Target,0.87,Meeting Target,0.9,Meeting Target,0.8,Approaching Target,0.92,Meeting Target,Meeting Target,2.83,2.88,85,12,0,2,1,0,7,0,0,3,85,20,0,1,2,0,13,0,0,2,96,10,0,1,1,0,8,0,0,3,96,18,0,2,3,3,10,0,0,4,106,9,0,1,1,0,6,0,0,4,106,20,0,0,0,0,17,0,0,4,101,16,0,3,0,2,11,0,0,3,101,16,0,2,0,3,11,0,0,6,90,12,0,0,2,1,9,0,0,4,89,12,0,0,1,3,8,0,0,5,91,14,0,0,0,4,10,0,0,5,92,12,0,0,0,5,7,0,0,3,67750.03,67041.05714648153
114,J.H.S. 291 ROLAND HAYES,333000000000,32K291,32,40.695648,-73.915406,"231 PALMETTO ST BROOKLYN, NY 11221",BROOKLYN,11221,"06,07,08",6,8,Yes,0.8390000000000001,0.3,0.01,0.15,0.81,0.96,0.03,0.89,0.36,0.96,Meeting Target,0.97,Exceeding Target,0.88,Meeting Target,0.89,Meeting Target,0.78,Meeting Target,0.93,Meeting Target,Meeting Target,2.17,2.1,0,0,0,0,0,0,0,0,0,0,0,0,0,0,0,0,0,0,0,0,0,0,0,0,0,0,0,0,0,0,0,0,0,0,0,0,0,0,0,0,0,0,0,0,0,0,0,0,0,0,0,0,0,0,0,0,0,0,0,0,100,3,0,0,2,0,0,0,0,3,102,0,0,0,0,0,0,0,0,0,91,1,0,0,1,0,0,0,0,1,99,1,0,0,1,0,0,0,0,1,119,1,0,0,1,0,0,0,0,1,123,0,0,0,0,0,0,0,0,0,0.0,-40.16614759776712
115,"I.S. 349 MATH, SCIENCE & TECH.",333000000000,32K349,32,40.700818,-73.927587,"35 STARR ST BROOKLYN, NY 11211",BROOKLYN,11211,"06,07,08",6,8,Yes,0.863,0.3,0.0,0.04,0.95,0.99,0.0,0.94,0.18,0.85,Approaching Target,0.91,Approaching Target,0.83,Approaching Target,0.79,Meeting Target,0.78,Meeting Target,0.92,Meeting Target,Meeting Target,2.25,2.26,0,0,0,0,0,0,0,0,0,0,0,0,0,0,0,0,0,0,0,0,0,0,0,0,0,0,0,0,0,0,0,0,0,0,0,0,0,0,0,0,0,0,0,0,0,0,0,0,0,0,0,0,0,0,0,0,0,0,0,0,82,1,0,0,0,0,0,0,0,0,82,0,0,0,0,0,0,0,0,0,88,1,0,0,1,0,0,0,0,1,94,1,0,0,1,0,0,0,0,1,110,2,0,0,2,0,0,0,0,0,116,2,0,0,2,0,0,0,0,0,0.0,115.96757566120505
116,BEDFORD STUYVESANT COLLEGIATE -UNCOMMON COLLEGIATE CHARTER HIGH SCHOOL,332000000000,84K648,16,40.687938,-73.932378,"800 GATES AVE-4TH FL BROOKLYN, NY 11221",BROOKLYN,11221,"05,06,07,08,09,10,11,12",5,12,No,0.69,0.02,0.01,0.77,0.18,0.95,0.0,0.97,0.06,0.93,Exceeding Target,0.97,Exceeding Target,0.88,Exceeding Target,0.91,Exceeding Target,0.89,Exceeding Target,0.93,Exceeding Target,Meeting Target,2.49,2.8,0,0,0,0,0,0,0,0,0,0,0,0,0,0,0,0,0,0,0,0,0,0,0,0,0,0,0,0,0,0,0,0,0,0,0,0,0,0,0,0,84,4,0,3,0,0,0,0,0,4,84,4,0,3,1,0,0,0,0,4,90,12,0,9,3,0,0,0,0,9,90,8,0,5,3,0,0,0,0,6,74,1,0,1,0,0,0,0,0,1,74,16,0,8,0,0,0,0,0,9,71,10,0,8,1,0,0,0,0,9,0,0,0,0,0,0,0,0,0,0,0.0,-1186.9503569087756
117,CITIZENS OF THE WORLD CHARTER SCHOOL NEW YORK 2 CROWN HEIGHTS,332000000000,84K692,17,40.663936,-73.93606,"791 EMPIRE BLVD BROOKLYN, NY 11213",BROOKLYN,11213,"0K,01,02,03,04,05",0K,5,No,0.6722806736166801,0.02,0.0,0.9,0.06,0.96,0.01,0.9272493985565357,0.21574979951884524,0.8947714514835605,,0.8843624699278267,,0.8874819566960707,,0.8161507618283881,,0.8309141940657578,,0.9042261427425822,,,2.5342152834839773,2.6689564502875918,48,0,0,0,0,0,0,0,0,0,49,4,0,4,0,0,0,0,0,1,0,0,0,0,0,0,0,0,0,0,0,0,0,0,0,0,0,0,0,0,0,0,0,0,0,0,0,0,0,0,0,0,0,0,0,0,0,0,0,0,0,0,0,0,0,0,0,0,0,0,0,0,0,0,0,0,0,0,0,0,0,0,0,0,0,0,0,0,0,0,0,0,0,0,0,0,0,0,0,0,0,0,0,0,0,0,0,0,0,0,0,0,0,0,0,0,0,0,0,0,40623.06,43743.279282204174
118,COMMUNITY PARTNERSHIP CHARTER SCHOOL,331000000000,84K702,13,40.689626000000004,-73.96109399999999,"241 EMERSON PL BROOKLYN, NY 11205",BROOKLYN,11205,"0K,01,02,03,04,05",0K,5,No,0.635,0.02,0.0,0.8,0.15,0.95,0.01,0.95,0.16,0.83,Approaching Target,0.84,Meeting Target,0.79,Approaching Target,0.8,Meeting Target,0.9,Exceeding Target,0.87,Meeting Target,Approaching Target,2.43,2.65,44,2,0,2,0,0,0,0,0,0,46,1,0,1,0,0,0,0,0,0,50,2,0,2,0,0,0,0,0,2,51,1,0,0,0,0,0,0,0,0,47,1,0,1,0,0,0,0,0,1,47,1,0,1,0,0,0,0,0,1,59,6,0,6,0,0,0,0,0,4,58,8,0,8,0,0,0,0,0,5,44,2,0,2,0,0,0,0,0,0,44,2,0,2,0,0,0,0,0,1,45,3,0,3,0,0,0,0,0,3,46,1,0,1,0,0,0,0,0,1,42161.63,47338.127052418255
119,BROOKLYN PROSPECT CHARTER SCHOOL,332000000000,84K707,15,40.648154999999996,-73.978583,"3002 FORT HAMILTON PKWY BROOKLYN, NY 11218",BROOKLYN,11218,"06,07,08,09,10,11,12",6,12,No,0.354,0.02,0.06,0.15,0.34,0.49,0.37,0.96,0.07,0.85,Approaching Target,0.91,Meeting Target,0.87,Exceeding Target,0.92,Exceeding Target,0.86,Meeting Target,0.94,Exceeding Target,Meeting Target,2.82,3.05,0,0,0,0,0,0,0,0,0,0,0,0,0,0,0,0,0,0,0,0,0,0,0,0,0,0,0,0,0,0,0,0,0,0,0,0,0,0,0,0,0,0,0,0,0,0,0,0,0,0,0,0,0,0,0,0,0,0,0,0,107,22,0,1,5,0,11,0,0,8,105,28,0,0,10,0,13,0,1,12,102,6,0,1,1,1,2,1,0,2,99,20,0,1,5,4,8,2,0,5,87,21,0,1,4,1,14,1,0,5,56,4,0,0,1,0,2,0,0,2,0.0,1002.6359692731129
120,BUSHWICK ASCEND CHARTER SCHOOL,333000000000,84K793,32,40.693686,-73.90903,"751 KNICKERBOCKER AVE BROOKLYN, NY 11221",BROOKLYN,11221,"0K,01,02,03,04,05,06,07,08,09,10,11,12",0K,12,No,0.76,0.18,0.01,0.25,0.72,0.97,0.01,0.96,0.05,0.8,Approaching Target,0.68,Approaching Target,0.89,Meeting Target,0.64,Approaching Target,0.83,Approaching Target,0.84,Approaching Target,Approaching Target,2.45,2.71,108,0,0,0,0,0,0,0,0,0,108,19,0,2,17,0,0,0,1,17,104,6,0,0,4,0,0,0,0,6,104,21,0,0,17,0,0,0,1,17,105,4,0,2,2,0,0,0,0,4,105,3,0,0,3,0,0,0,0,3,81,13,0,0,7,0,0,0,0,8,80,12,0,0,5,0,0,0,0,8,0,0,0,0,0,0,0,0,0,0,0,0,0,0,0,0,0,0,0,0,0,0,0,0,0,0,0,0,0,0,0,0,0,0,0,0,0,0,0,0,40604.74,31544.989385417965
121,MANHATTAN CHARTER SCHOOL II,310000000000,84M080,1,40.713343,-73.986069,"220 HENRY ST NEW YORK, NY 10002",NEW YORK,10002,"0K,01,02,03,04,05",0K,5,No,0.733,0.09,0.06,0.26,0.63,0.89,0.02,0.92,0.31,0.93,,0.89,,0.97,,0.87,,0.83,,0.94,,,2.5342152834839773,2.6689564502875918,37,1,0,0,1,0,0,0,0,1,37,9,0,0,6,0,0,0,0,6,26,7,0,0,4,0,0,0,0,0,26,9,0,0,6,0,0,0,0,0,0,0,0,0,0,0,0,0,0,0,0,0,0,0,0,0,0,0,0,0,0,0,0,0,0,0,0,0,0,0,0,0,0,0,0,0,0,0,0,0,0,0,0,0,0,0,0,0,0,0,0,0,0,0,0,0,0,0,0,0,0,0,0,0,0,0,0,0,0,0,0,0,0,0,0,0,0,0,0,0,34019.94,40604.677188030735
122,GIRLS PREPARATORY CHARTER SCHOOL OF NEW YORK,310000000000,84M330,1,40.71987,-73.977376,"442 E HOUSTON ST-RM 312 NEW YORK, NY 10002",NEW YORK,10002,"0K,01,02,03,04,05",0K,5,No,0.733,0.02,0.02,0.45,0.49,0.94,0.02,0.94,0.18,0.9,Meeting Target,0.93,Exceeding Target,0.85,Meeting Target,0.88,Exceeding Target,0.87,Meeting Target,0.9,Meeting Target,Meeting Target,2.72,2.83,69,5,0,1,4,0,0,0,0,5,69,20,0,7,12,0,0,0,0,18,71,6,0,2,4,0,0,0,0,3,71,4,0,0,3,0,0,0,0,4,78,12,0,6,5,0,0,0,0,9,78,9,0,6,2,0,0,0,0,6,65,4,0,1,3,0,0,0,0,4,65,9,0,3,6,0,0,0,0,9,45,7,0,1,6,0,0,0,0,6,45,2,0,0,2,0,0,0,0,1,44,2,0,1,0,0,0,0,0,2,44,3,0,1,0,0,0,0,0,2,35223.3,41382.261783532165
123,EAST HARLEM SCHOLARS ACADEMY CHARTER SCHOOL,310000000000,84M518,4,40.790378000000004,-73.942991,"2050 2ND AVE NEW YORK, NY 10026",NEW YORK,10026,"0K,01,02,03,04,05,06,07,08",0K,8,No,0.8220000000000001,0.09,0.01,0.29,0.64,0.93,0.02,0.93,0.26,0.93,Exceeding Target,0.9,Meeting Target,0.93,Exceeding Target,0.81,Meeting Target,0.89,Meeting Target,0.87,Meeting Target,,2.43,3.02,51,2,0,1,1,0,0,0,0,1,54,26,0,7,17,0,0,0,0,21,53,8,0,0,3,0,0,0,0,6,53,6,0,0,3,0,0,0,0,5,46,2,0,0,2,0,0,0,0,2,46,8,0,3,5,0,0,0,0,7,0,0,0,0,0,0,0,0,0,0,0,0,0,0,0,0,0,0,0,0,0,0,0,0,0,0,0,0,0,0,0,0,0,0,0,0,0,0,0,0,0,0,0,0,0,0,0,0,0,0,0,0,0,0,0,0,0,0,0,0,29637.26,34407.206341377765
124,CHALLENGE PREPARATORY CHARTER SCHOOL,343000000000,84Q340,27,40.600208,-73.763868,"710 HARTMAN LANE FAR ROCKAWAY, NY 11691",FAR ROCKAWAY,11691,"0K,01,02,03,04,05,06,07,08",0K,8,No,0.701,0.04,0.02,0.8,0.14,0.94,0.03,0.94,0.17,0.78,Not Meeting Target,0.74,Approaching Target,0.85,Meeting Target,0.58,Not Meeting Target,0.86,Meeting Target,0.78,Approaching Target,Meeting Target,2.66,3.05,72,14,0,11,2,0,0,0,0,11,72,34,0,24,6,0,0,0,0,21,91,13,0,13,0,0,0,0,0,10,91,15,0,13,0,0,0,0,0,13,90,8,0,6,2,0,0,0,0,7,90,8,0,6,1,0,0,0,0,7,81,12,0,10,1,0,0,0,0,9,81,14,0,10,3,0,0,0,0,11,0,0,0,0,0,0,0,0,0,0,0,0,0,0,0,0,0,0,0,0,0,0,0,0,0,0,0,0,0,0,0,0,0,0,0,0,0,0,0,0,44037.44,47377.674911431335
125,MERRICK ACADEMY - QUEENS PUBLIC CHARTER SCHOOL,343000000000,84Q704,29,40.676190000000005,-73.75304,"136-25 218TH ST SPRINGFIELD GARDENS, NY 11413",SPRINGFIELD GARDENS,11413,"0K,01,02,03,04,05,06",0K,6,No,0.439,0.03,0.04,0.89,0.05,0.94,0.0,0.95,0.1,0.94,Exceeding Target,0.94,Exceeding Target,0.88,Meeting Target,0.88,Exceeding Target,0.9,Meeting Target,0.97,Exceeding Target,Approaching Target,2.35,2.48,102,3,0,3,0,0,0,0,0,1,101,12,0,9,0,0,0,0,0,5,80,10,0,9,0,0,0,0,0,2,79,11,0,10,0,0,0,0,0,4,69,1,0,0,0,0,0,0,0,0,69,1,0,1,0,0,0,0,0,0,0,0,0,0,0,0,0,0,0,0,0,0,0,0,0,0,0,0,0,0,0,0,0,0,0,0,0,0,0,0,0,0,0,0,0,0,0,0,0,0,0,0,0,0,0,0,0,0,0,0,0,0,0,0,0,0,0,0,0,0,66715.85,74281.97162764455
126,RENAISSANCE CHARTER SCHOOL,343000000000,84Q705,30,40.749951,-73.885164,"35-59 81ST ST JACKSON HEIGHTS, NY 11372",JACKSON HEIGHTS,11372,"0K,01,02,03,04,05,06,07,08,09,10,11,12",0K,12,No,0.513,0.05,0.18,0.08,0.58,0.67,0.14,0.96,0.03,0.89,Meeting Target,0.88,Meeting Target,0.81,Meeting Target,0.81,Meeting Target,0.86,Meeting Target,0.87,Meeting Target,Meeting Target,2.65,2.92,22,0,0,0,0,0,0,0,0,0,22,3,0,0,1,2,0,0,0,0,24,4,0,0,1,0,1,0,0,4,24,2,0,0,0,0,1,0,0,2,52,5,0,0,3,1,1,0,0,3,53,11,0,0,5,5,1,0,0,3,47,4,0,0,2,1,0,0,0,1,46,14,0,0,3,6,0,0,0,3,50,1,0,0,1,0,0,0,0,1,48,8,0,0,2,6,0,0,0,1,49,4,0,0,2,1,1,0,0,1,43,8,0,0,5,2,0,0,0,2,52130.6,48296.30116825488
127,HEKETI COMMUNITY CHARTER SCHOOL,321000000000,84X256,7,40.809304,-73.909769,"403 CONCORD AVE BRONX, NY 10454",BRONX,10454,"0K,01,02,03,04,05",0K,5,No,0.848,0.25,0.0,0.29,0.69,0.98,0.01,0.92,0.25,0.91,,0.95,,1.0,,0.93,,0.91,,0.99,,,2.5342152834839773,2.6689564502875918,34,0,0,0,0,0,0,0,0,0,33,0,0,0,0,0,0,0,0,0,38,2,0,0,1,0,0,0,0,1,36,7,0,0,4,0,0,0,0,5,0,0,0,0,0,0,0,0,0,0,0,0,0,0,0,0,0,0,0,0,0,0,0,0,0,0,0,0,0,0,0,0,0,0,0,0,0,0,0,0,0,0,0,0,0,0,0,0,0,0,0,0,0,0,0,0,0,0,0,0,0,0,0,0,0,0,0,0,0,0,0,0,0,0,0,0,0,0,0,0,25982.42,25978.44411574986
128,SUCCESS ACADEMY CHARTER SCHOOL - BRONX 3,321000000000,84X380,8,40.827748,-73.91377299999999,"1000 TELLER AVE BRONX, NY 10469",BRONX,10469,"0K,01,02,03,04,05",0K,5,No,0.6722806736166801,0.05,0.01,0.51,0.45,0.96,0.01,0.9272493985565357,0.21574979951884524,0.8947714514835605,,0.8843624699278267,,0.8874819566960707,,0.8161507618283881,,0.8309141940657578,,0.9042261427425822,,,2.5342152834839773,2.6689564502875918,87,27,0,17,9,0,0,0,0,16,87,69,0,30,36,0,0,0,0,41,0,0,0,0,0,0,0,0,0,0,0,0,0,0,0,0,0,0,0,0,0,0,0,0,0,0,0,0,0,0,0,0,0,0,0,0,0,0,0,0,0,0,0,0,0,0,0,0,0,0,0,0,0,0,0,0,0,0,0,0,0,0,0,0,0,0,0,0,0,0,0,0,0,0,0,0,0,0,0,0,0,0,0,0,0,0,0,0,0,0,0,0,0,0,0,0,0,0,0,0,26999.15,34495.13589786675
129,MOTT HAVEN ACADEMY CHARTER SCHOOL,321000000000,84X394,7,40.806307000000004,-73.920868,"170 BROWN PL BRONX, NY 10454",BRONX,10454,"0K,01,02,03,04,05,06,07,08",0K,8,No,0.9279999999999999,0.14,0.0,0.29,0.69,0.98,0.01,0.93,0.26,0.89,Meeting Target,0.9,Meeting Target,0.93,Exceeding Target,0.88,Meeting Target,0.89,Meeting Target,0.93,Meeting Target,Meeting Target,2.57,3.04,51,1,0,0,1,0,0,0,0,1,51,11,0,3,8,0,0,0,0,11,49,4,0,0,4,0,0,0,0,0,49,18,0,2,16,0,0,0,0,0,42,2,0,2,0,0,0,0,0,0,42,6,0,0,6,0,0,0,0,0,0,0,0,0,0,0,0,0,0,0,0,0,0,0,0,0,0,0,0,0,0,0,0,0,0,0,0,0,0,0,0,0,0,0,0,0,0,0,0,0,0,0,0,0,0,0,0,0,0,0,0,0,0,0,0,0,0,0,0,0,23312.54,25709.236941925552
130,BRONX CHARTER SCHOOL FOR BETTER LEARNING,321000000000,84X718,11,40.888739,-73.847787,"3740 BAYCHESTER AVE ANNEX BRONX, NY 10466",BRONX,10466,"0K,01,02,03,04,05",0K,5,No,0.544,0.02,0.02,0.86,0.09,0.95,0.01,0.95,0.12,0.93,Meeting Target,0.91,Meeting Target,0.96,Exceeding Target,0.89,Exceeding Target,0.91,Exceeding Target,0.95,Exceeding Target,Meeting Target,2.6,3.29,72,2,0,2,0,0,0,0,0,1,72,14,0,14,0,0,0,0,0,10,65,3,0,2,0,0,0,0,0,2,65,16,0,15,0,0,0,0,0,14,66,3,0,3,0,0,0,0,0,1,66,16,0,15,0,0,0,0,0,12,0,0,0,0,0,0,0,0,0,0,0,0,0,0,0,0,0,0,0,0,0,0,0,0,0,0,0,0,0,0,0,0,0,0,0,0,0,0,0,0,0,0,0,0,0,0,0,0,0,0,0,0,0,0,0,0,0,0,0,0,47192.42,48578.21926521447
